timestamp,row_index,column,original_value,cleaned_value,fix_type,rule_triggered
2026-05-16T14:55:12.371162,11,district,MAKWANPUR,MAKAWANPUR,STANDARDIZATION,Rule_06
2026-05-16T14:55:12.371168,24,district,MAKWANPUR,MAKAWANPUR,STANDARDIZATION,Rule_06
2026-05-16T14:55:12.371169,37,district,MAKWANPUR,MAKAWANPUR,STANDARDIZATION,Rule_06
2026-05-16T14:55:12.371170,50,district,MAKWANPUR,MAKAWANPUR,STANDARDIZATION,Rule_06
2026-05-16T14:55:12.371171,63,district,MAKWANPUR,MAKAWANPUR,STANDARDIZATION,Rule_06
2026-05-16T14:55:12.371171,76,district,MAKWANPUR,MAKAWANPUR,STANDARDIZATION,Rule_06
2026-05-16T14:55:12.371172,89,district,MAKWANPUR,MAKAWANPUR,STANDARDIZATION,Rule_06
2026-05-16T14:55:12.371174,102,district,MAKWANPUR,MAKAWANPUR,STANDARDIZATION,Rule_06
2026-05-16T14:55:12.371175,115,district,MAKWANPUR,MAKAWANPUR,STANDARDIZATION,Rule_06
2026-05-16T14:55:12.371176,128,district,MAKWANPUR,MAKAWANPUR,STANDARDIZATION,Rule_06
2026-05-16T14:55:12.371176,141,district,MAKWANPUR,MAKAWANPUR,STANDARDIZATION,Rule_06
2026-05-16T14:55:12.371177,154,district,MAKWANPUR,MAKAWANPUR,STANDARDIZATION,Rule_06
2026-05-16T14:55:12.371178,167,district,MAKWANPUR,MAKAWANPUR,STANDARDIZATION,Rule_06
2026-05-16T14:55:12.371179,180,district,MAKWANPUR,MAKAWANPUR,STANDARDIZATION,Rule_06
2026-05-16T14:55:12.371179,193,district,MAKWANPUR,MAKAWANPUR,STANDARDIZATION,Rule_06
2026-05-16T14:55:12.371180,206,district,MAKWANPUR,MAKAWANPUR,STANDARDIZATION,Rule_06
2026-05-16T14:55:12.371181,219,district,MAKWANPUR,MAKAWANPUR,STANDARDIZATION,Rule_06
2026-05-16T14:55:12.371181,232,district,MAKWANPUR,MAKAWANPUR,STANDARDIZATION,Rule_06
2026-05-16T14:55:12.371182,245,district,MAKWANPUR,MAKAWANPUR,STANDARDIZATION,Rule_06
2026-05-16T14:55:12.371183,258,district,MAKWANPUR,MAKAWANPUR,STANDARDIZATION,Rule_06
2026-05-16T14:55:12.371183,271,district,MAKWANPUR,MAKAWANPUR,STANDARDIZATION,Rule_06
2026-05-16T14:55:12.371184,284,district,MAKWANPUR,MAKAWANPUR,STANDARDIZATION,Rule_06
2026-05-16T14:55:12.371185,297,district,MAKWANPUR,MAKAWANPUR,STANDARDIZATION,Rule_06
2026-05-16T14:55:12.371185,310,district,MAKWANPUR,MAKAWANPUR,STANDARDIZATION,Rule_06
2026-05-16T14:55:12.371186,323,district,MAKWANPUR,MAKAWANPUR,STANDARDIZATION,Rule_06
2026-05-16T14:55:12.371187,336,district,MAKWANPUR,MAKAWANPUR,STANDARDIZATION,Rule_06
2026-05-16T14:55:12.371187,349,district,MAKWANPUR,MAKAWANPUR,STANDARDIZATION,Rule_06
2026-05-16T14:55:12.371188,362,district,MAKWANPUR,MAKAWANPUR,STANDARDIZATION,Rule_06
2026-05-16T14:55:12.371189,375,district,MAKWANPUR,MAKAWANPUR,STANDARDIZATION,Rule_06
2026-05-16T14:55:12.371189,388,district,MAKWANPUR,MAKAWANPUR,STANDARDIZATION,Rule_06
2026-05-16T14:55:12.371190,401,district,MAKWANPUR,MAKAWANPUR,STANDARDIZATION,Rule_06
2026-05-16T14:55:12.371191,414,district,MAKWANPUR,MAKAWANPUR,STANDARDIZATION,Rule_06
2026-05-16T14:55:12.371191,427,district,MAKWANPUR,MAKAWANPUR,STANDARDIZATION,Rule_06
2026-05-16T14:55:12.371192,440,district,MAKWANPUR,MAKAWANPUR,STANDARDIZATION,Rule_06
2026-05-16T14:55:12.371193,453,district,MAKWANPUR,MAKAWANPUR,STANDARDIZATION,Rule_06
2026-05-16T14:55:12.371193,466,district,MAKWANPUR,MAKAWANPUR,STANDARDIZATION,Rule_06
2026-05-16T14:55:12.371194,479,district,MAKWANPUR,MAKAWANPUR,STANDARDIZATION,Rule_06
2026-05-16T14:55:12.371195,492,district,MAKWANPUR,MAKAWANPUR,STANDARDIZATION,Rule_06
2026-05-16T14:55:12.371195,505,district,MAKWANPUR,MAKAWANPUR,STANDARDIZATION,Rule_06
2026-05-16T14:55:12.371196,518,district,MAKWANPUR,MAKAWANPUR,STANDARDIZATION,Rule_06
2026-05-16T14:55:12.371196,531,district,MAKWANPUR,MAKAWANPUR,STANDARDIZATION,Rule_06
2026-05-16T14:55:12.371197,544,district,MAKWANPUR,MAKAWANPUR,STANDARDIZATION,Rule_06
2026-05-16T14:55:12.371198,557,district,MAKWANPUR,MAKAWANPUR,STANDARDIZATION,Rule_06
2026-05-16T14:55:12.371198,570,district,MAKWANPUR,MAKAWANPUR,STANDARDIZATION,Rule_06
2026-05-16T14:55:12.371199,583,district,MAKWANPUR,MAKAWANPUR,STANDARDIZATION,Rule_06
2026-05-16T14:55:12.371200,596,district,MAKWANPUR,MAKAWANPUR,STANDARDIZATION,Rule_06
2026-05-16T14:55:12.371200,609,district,MAKWANPUR,MAKAWANPUR,STANDARDIZATION,Rule_06
2026-05-16T14:55:12.371201,622,district,MAKWANPUR,MAKAWANPUR,STANDARDIZATION,Rule_06
2026-05-16T14:55:12.371201,635,district,MAKWANPUR,MAKAWANPUR,STANDARDIZATION,Rule_06
2026-05-16T14:55:12.371203,648,district,MAKWANPUR,MAKAWANPUR,STANDARDIZATION,Rule_06
2026-05-16T14:55:12.371204,661,district,MAKWANPUR,MAKAWANPUR,STANDARDIZATION,Rule_06
2026-05-16T14:55:12.371204,674,district,MAKWANPUR,MAKAWANPUR,STANDARDIZATION,Rule_06
2026-05-16T14:55:12.371205,687,district,MAKWANPUR,MAKAWANPUR,STANDARDIZATION,Rule_06
2026-05-16T14:55:12.371206,700,district,MAKWANPUR,MAKAWANPUR,STANDARDIZATION,Rule_06
2026-05-16T14:55:12.371206,713,district,MAKWANPUR,MAKAWANPUR,STANDARDIZATION,Rule_06
2026-05-16T14:55:12.371207,726,district,MAKWANPUR,MAKAWANPUR,STANDARDIZATION,Rule_06
2026-05-16T14:55:12.371208,739,district,MAKWANPUR,MAKAWANPUR,STANDARDIZATION,Rule_06
2026-05-16T14:55:12.371208,752,district,MAKWANPUR,MAKAWANPUR,STANDARDIZATION,Rule_06
2026-05-16T14:55:12.371209,765,district,MAKWANPUR,MAKAWANPUR,STANDARDIZATION,Rule_06
2026-05-16T14:55:12.371210,778,district,MAKWANPUR,MAKAWANPUR,STANDARDIZATION,Rule_06
2026-05-16T14:55:12.371629,12,district,CHITWAN,CHITAWAN,STANDARDIZATION,Rule_06
2026-05-16T14:55:12.371631,25,district,CHITWAN,CHITAWAN,STANDARDIZATION,Rule_06
2026-05-16T14:55:12.371632,38,district,CHITWAN,CHITAWAN,STANDARDIZATION,Rule_06
2026-05-16T14:55:12.371632,51,district,CHITWAN,CHITAWAN,STANDARDIZATION,Rule_06
2026-05-16T14:55:12.371633,64,district,CHITWAN,CHITAWAN,STANDARDIZATION,Rule_06
2026-05-16T14:55:12.371634,77,district,CHITWAN,CHITAWAN,STANDARDIZATION,Rule_06
2026-05-16T14:55:12.371634,90,district,CHITWAN,CHITAWAN,STANDARDIZATION,Rule_06
2026-05-16T14:55:12.371635,103,district,CHITWAN,CHITAWAN,STANDARDIZATION,Rule_06
2026-05-16T14:55:12.371636,116,district,CHITWAN,CHITAWAN,STANDARDIZATION,Rule_06
2026-05-16T14:55:12.371636,129,district,CHITWAN,CHITAWAN,STANDARDIZATION,Rule_06
2026-05-16T14:55:12.371637,142,district,CHITWAN,CHITAWAN,STANDARDIZATION,Rule_06
2026-05-16T14:55:12.371638,155,district,CHITWAN,CHITAWAN,STANDARDIZATION,Rule_06
2026-05-16T14:55:12.371638,168,district,CHITWAN,CHITAWAN,STANDARDIZATION,Rule_06
2026-05-16T14:55:12.371639,181,district,CHITWAN,CHITAWAN,STANDARDIZATION,Rule_06
2026-05-16T14:55:12.371640,194,district,CHITWAN,CHITAWAN,STANDARDIZATION,Rule_06
2026-05-16T14:55:12.371640,207,district,CHITWAN,CHITAWAN,STANDARDIZATION,Rule_06
2026-05-16T14:55:12.371641,220,district,CHITWAN,CHITAWAN,STANDARDIZATION,Rule_06
2026-05-16T14:55:12.371642,233,district,CHITWAN,CHITAWAN,STANDARDIZATION,Rule_06
2026-05-16T14:55:12.371642,246,district,CHITWAN,CHITAWAN,STANDARDIZATION,Rule_06
2026-05-16T14:55:12.371643,259,district,CHITWAN,CHITAWAN,STANDARDIZATION,Rule_06
2026-05-16T14:55:12.371644,272,district,CHITWAN,CHITAWAN,STANDARDIZATION,Rule_06
2026-05-16T14:55:12.371644,285,district,CHITWAN,CHITAWAN,STANDARDIZATION,Rule_06
2026-05-16T14:55:12.371645,298,district,CHITWAN,CHITAWAN,STANDARDIZATION,Rule_06
2026-05-16T14:55:12.371646,311,district,CHITWAN,CHITAWAN,STANDARDIZATION,Rule_06
2026-05-16T14:55:12.371646,324,district,CHITWAN,CHITAWAN,STANDARDIZATION,Rule_06
2026-05-16T14:55:12.371647,337,district,CHITWAN,CHITAWAN,STANDARDIZATION,Rule_06
2026-05-16T14:55:12.371648,350,district,CHITWAN,CHITAWAN,STANDARDIZATION,Rule_06
2026-05-16T14:55:12.371648,363,district,CHITWAN,CHITAWAN,STANDARDIZATION,Rule_06
2026-05-16T14:55:12.371649,376,district,CHITWAN,CHITAWAN,STANDARDIZATION,Rule_06
2026-05-16T14:55:12.371650,389,district,CHITWAN,CHITAWAN,STANDARDIZATION,Rule_06
2026-05-16T14:55:12.371650,402,district,CHITWAN,CHITAWAN,STANDARDIZATION,Rule_06
2026-05-16T14:55:12.371651,415,district,CHITWAN,CHITAWAN,STANDARDIZATION,Rule_06
2026-05-16T14:55:12.371651,428,district,CHITWAN,CHITAWAN,STANDARDIZATION,Rule_06
2026-05-16T14:55:12.371652,441,district,CHITWAN,CHITAWAN,STANDARDIZATION,Rule_06
2026-05-16T14:55:12.371653,454,district,CHITWAN,CHITAWAN,STANDARDIZATION,Rule_06
2026-05-16T14:55:12.371653,467,district,CHITWAN,CHITAWAN,STANDARDIZATION,Rule_06
2026-05-16T14:55:12.371654,480,district,CHITWAN,CHITAWAN,STANDARDIZATION,Rule_06
2026-05-16T14:55:12.371655,493,district,CHITWAN,CHITAWAN,STANDARDIZATION,Rule_06
2026-05-16T14:55:12.371655,506,district,CHITWAN,CHITAWAN,STANDARDIZATION,Rule_06
2026-05-16T14:55:12.371656,519,district,CHITWAN,CHITAWAN,STANDARDIZATION,Rule_06
2026-05-16T14:55:12.371657,532,district,CHITWAN,CHITAWAN,STANDARDIZATION,Rule_06
2026-05-16T14:55:12.371657,545,district,CHITWAN,CHITAWAN,STANDARDIZATION,Rule_06
2026-05-16T14:55:12.371658,558,district,CHITWAN,CHITAWAN,STANDARDIZATION,Rule_06
2026-05-16T14:55:12.371658,571,district,CHITWAN,CHITAWAN,STANDARDIZATION,Rule_06
2026-05-16T14:55:12.371660,584,district,CHITWAN,CHITAWAN,STANDARDIZATION,Rule_06
2026-05-16T14:55:12.371661,597,district,CHITWAN,CHITAWAN,STANDARDIZATION,Rule_06
2026-05-16T14:55:12.371662,610,district,CHITWAN,CHITAWAN,STANDARDIZATION,Rule_06
2026-05-16T14:55:12.371662,623,district,CHITWAN,CHITAWAN,STANDARDIZATION,Rule_06
2026-05-16T14:55:12.371663,636,district,CHITWAN,CHITAWAN,STANDARDIZATION,Rule_06
2026-05-16T14:55:12.371664,649,district,CHITWAN,CHITAWAN,STANDARDIZATION,Rule_06
2026-05-16T14:55:12.371665,662,district,CHITWAN,CHITAWAN,STANDARDIZATION,Rule_06
2026-05-16T14:55:12.371665,675,district,CHITWAN,CHITAWAN,STANDARDIZATION,Rule_06
2026-05-16T14:55:12.371666,688,district,CHITWAN,CHITAWAN,STANDARDIZATION,Rule_06
2026-05-16T14:55:12.371668,701,district,CHITWAN,CHITAWAN,STANDARDIZATION,Rule_06
2026-05-16T14:55:12.371668,714,district,CHITWAN,CHITAWAN,STANDARDIZATION,Rule_06
2026-05-16T14:55:12.371669,727,district,CHITWAN,CHITAWAN,STANDARDIZATION,Rule_06
2026-05-16T14:55:12.371670,740,district,CHITWAN,CHITAWAN,STANDARDIZATION,Rule_06
2026-05-16T14:55:12.371670,753,district,CHITWAN,CHITAWAN,STANDARDIZATION,Rule_06
2026-05-16T14:55:12.371671,766,district,CHITWAN,CHITAWAN,STANDARDIZATION,Rule_06
2026-05-16T14:55:12.371671,779,district,CHITWAN,CHITAWAN,STANDARDIZATION,Rule_06
2026-05-16T14:55:12.372791,117,new_cases_total,NaN,0,MISSING_VALUE,Zero_Filling
2026-05-16T14:55:12.372792,118,new_cases_total,NaN,0,MISSING_VALUE,Zero_Filling
2026-05-16T14:55:12.372793,119,new_cases_total,NaN,0,MISSING_VALUE,Zero_Filling
2026-05-16T14:55:12.372793,120,new_cases_total,NaN,0,MISSING_VALUE,Zero_Filling
2026-05-16T14:55:12.372794,121,new_cases_total,NaN,0,MISSING_VALUE,Zero_Filling
2026-05-16T14:55:12.372795,122,new_cases_total,NaN,0,MISSING_VALUE,Zero_Filling
2026-05-16T14:55:12.372795,123,new_cases_total,NaN,0,MISSING_VALUE,Zero_Filling
2026-05-16T14:55:12.372796,124,new_cases_total,NaN,0,MISSING_VALUE,Zero_Filling
2026-05-16T14:55:12.372797,125,new_cases_total,NaN,0,MISSING_VALUE,Zero_Filling
2026-05-16T14:55:12.372798,126,new_cases_total,NaN,0,MISSING_VALUE,Zero_Filling
2026-05-16T14:55:12.372798,127,new_cases_total,NaN,0,MISSING_VALUE,Zero_Filling
2026-05-16T14:55:12.372799,128,new_cases_total,NaN,0,MISSING_VALUE,Zero_Filling
2026-05-16T14:55:12.372799,129,new_cases_total,NaN,0,MISSING_VALUE,Zero_Filling
2026-05-16T14:55:12.372800,130,new_cases_total,NaN,0,MISSING_VALUE,Zero_Filling
2026-05-16T14:55:12.372801,131,new_cases_total,NaN,0,MISSING_VALUE,Zero_Filling
2026-05-16T14:55:12.372801,132,new_cases_total,NaN,0,MISSING_VALUE,Zero_Filling
2026-05-16T14:55:12.372802,133,new_cases_total,NaN,0,MISSING_VALUE,Zero_Filling
2026-05-16T14:55:12.372803,134,new_cases_total,NaN,0,MISSING_VALUE,Zero_Filling
2026-05-16T14:55:12.372803,135,new_cases_total,NaN,0,MISSING_VALUE,Zero_Filling
2026-05-16T14:55:12.372804,136,new_cases_total,NaN,0,MISSING_VALUE,Zero_Filling
2026-05-16T14:55:12.372805,137,new_cases_total,NaN,0,MISSING_VALUE,Zero_Filling
2026-05-16T14:55:12.372805,138,new_cases_total,NaN,0,MISSING_VALUE,Zero_Filling
2026-05-16T14:55:12.372806,139,new_cases_total,NaN,0,MISSING_VALUE,Zero_Filling
2026-05-16T14:55:12.372806,140,new_cases_total,NaN,0,MISSING_VALUE,Zero_Filling
2026-05-16T14:55:12.372807,141,new_cases_total,NaN,0,MISSING_VALUE,Zero_Filling
2026-05-16T14:55:12.372808,142,new_cases_total,NaN,0,MISSING_VALUE,Zero_Filling
2026-05-16T14:55:12.372808,143,new_cases_total,NaN,0,MISSING_VALUE,Zero_Filling
2026-05-16T14:55:12.372809,144,new_cases_total,NaN,0,MISSING_VALUE,Zero_Filling
2026-05-16T14:55:12.372810,145,new_cases_total,NaN,0,MISSING_VALUE,Zero_Filling
2026-05-16T14:55:12.372810,146,new_cases_total,NaN,0,MISSING_VALUE,Zero_Filling
2026-05-16T14:55:12.372811,147,new_cases_total,NaN,0,MISSING_VALUE,Zero_Filling
2026-05-16T14:55:12.372811,148,new_cases_total,NaN,0,MISSING_VALUE,Zero_Filling
2026-05-16T14:55:12.372812,149,new_cases_total,NaN,0,MISSING_VALUE,Zero_Filling
2026-05-16T14:55:12.372813,150,new_cases_total,NaN,0,MISSING_VALUE,Zero_Filling
2026-05-16T14:55:12.372813,151,new_cases_total,NaN,0,MISSING_VALUE,Zero_Filling
2026-05-16T14:55:12.372814,152,new_cases_total,NaN,0,MISSING_VALUE,Zero_Filling
2026-05-16T14:55:12.372815,153,new_cases_total,NaN,0,MISSING_VALUE,Zero_Filling
2026-05-16T14:55:12.372815,154,new_cases_total,NaN,0,MISSING_VALUE,Zero_Filling
2026-05-16T14:55:12.372816,155,new_cases_total,NaN,0,MISSING_VALUE,Zero_Filling
2026-05-16T14:55:12.373006,117,new_cases_female,NaN,0,MISSING_VALUE,Zero_Filling
2026-05-16T14:55:12.373007,118,new_cases_female,NaN,0,MISSING_VALUE,Zero_Filling
2026-05-16T14:55:12.373008,119,new_cases_female,NaN,0,MISSING_VALUE,Zero_Filling
2026-05-16T14:55:12.373009,120,new_cases_female,NaN,0,MISSING_VALUE,Zero_Filling
2026-05-16T14:55:12.373009,121,new_cases_female,NaN,0,MISSING_VALUE,Zero_Filling
2026-05-16T14:55:12.373010,122,new_cases_female,NaN,0,MISSING_VALUE,Zero_Filling
2026-05-16T14:55:12.373011,123,new_cases_female,NaN,0,MISSING_VALUE,Zero_Filling
2026-05-16T14:55:12.373013,124,new_cases_female,NaN,0,MISSING_VALUE,Zero_Filling
2026-05-16T14:55:12.373013,125,new_cases_female,NaN,0,MISSING_VALUE,Zero_Filling
2026-05-16T14:55:12.373014,126,new_cases_female,NaN,0,MISSING_VALUE,Zero_Filling
2026-05-16T14:55:12.373015,127,new_cases_female,NaN,0,MISSING_VALUE,Zero_Filling
2026-05-16T14:55:12.373015,128,new_cases_female,NaN,0,MISSING_VALUE,Zero_Filling
2026-05-16T14:55:12.373016,129,new_cases_female,NaN,0,MISSING_VALUE,Zero_Filling
2026-05-16T14:55:12.373016,130,new_cases_female,NaN,0,MISSING_VALUE,Zero_Filling
2026-05-16T14:55:12.373017,131,new_cases_female,NaN,0,MISSING_VALUE,Zero_Filling
2026-05-16T14:55:12.373018,132,new_cases_female,NaN,0,MISSING_VALUE,Zero_Filling
2026-05-16T14:55:12.373018,133,new_cases_female,NaN,0,MISSING_VALUE,Zero_Filling
2026-05-16T14:55:12.373019,134,new_cases_female,NaN,0,MISSING_VALUE,Zero_Filling
2026-05-16T14:55:12.373020,135,new_cases_female,NaN,0,MISSING_VALUE,Zero_Filling
2026-05-16T14:55:12.373020,136,new_cases_female,NaN,0,MISSING_VALUE,Zero_Filling
2026-05-16T14:55:12.373021,137,new_cases_female,NaN,0,MISSING_VALUE,Zero_Filling
2026-05-16T14:55:12.373022,138,new_cases_female,NaN,0,MISSING_VALUE,Zero_Filling
2026-05-16T14:55:12.373022,139,new_cases_female,NaN,0,MISSING_VALUE,Zero_Filling
2026-05-16T14:55:12.373023,140,new_cases_female,NaN,0,MISSING_VALUE,Zero_Filling
2026-05-16T14:55:12.373023,141,new_cases_female,NaN,0,MISSING_VALUE,Zero_Filling
2026-05-16T14:55:12.373024,142,new_cases_female,NaN,0,MISSING_VALUE,Zero_Filling
2026-05-16T14:55:12.373025,143,new_cases_female,NaN,0,MISSING_VALUE,Zero_Filling
2026-05-16T14:55:12.373025,144,new_cases_female,NaN,0,MISSING_VALUE,Zero_Filling
2026-05-16T14:55:12.373026,145,new_cases_female,NaN,0,MISSING_VALUE,Zero_Filling
2026-05-16T14:55:12.373027,146,new_cases_female,NaN,0,MISSING_VALUE,Zero_Filling
2026-05-16T14:55:12.373027,147,new_cases_female,NaN,0,MISSING_VALUE,Zero_Filling
2026-05-16T14:55:12.373028,148,new_cases_female,NaN,0,MISSING_VALUE,Zero_Filling
2026-05-16T14:55:12.373028,149,new_cases_female,NaN,0,MISSING_VALUE,Zero_Filling
2026-05-16T14:55:12.373029,150,new_cases_female,NaN,0,MISSING_VALUE,Zero_Filling
2026-05-16T14:55:12.373030,151,new_cases_female,NaN,0,MISSING_VALUE,Zero_Filling
2026-05-16T14:55:12.373030,152,new_cases_female,NaN,0,MISSING_VALUE,Zero_Filling
2026-05-16T14:55:12.373031,153,new_cases_female,NaN,0,MISSING_VALUE,Zero_Filling
2026-05-16T14:55:12.373031,154,new_cases_female,NaN,0,MISSING_VALUE,Zero_Filling
2026-05-16T14:55:12.373032,155,new_cases_female,NaN,0,MISSING_VALUE,Zero_Filling
2026-05-16T14:55:12.373180,117,new_cases_male,NaN,0,MISSING_VALUE,Zero_Filling
2026-05-16T14:55:12.373181,118,new_cases_male,NaN,0,MISSING_VALUE,Zero_Filling
2026-05-16T14:55:12.373181,119,new_cases_male,NaN,0,MISSING_VALUE,Zero_Filling
2026-05-16T14:55:12.373182,120,new_cases_male,NaN,0,MISSING_VALUE,Zero_Filling
2026-05-16T14:55:12.373183,121,new_cases_male,NaN,0,MISSING_VALUE,Zero_Filling
2026-05-16T14:55:12.373184,122,new_cases_male,NaN,0,MISSING_VALUE,Zero_Filling
2026-05-16T14:55:12.373184,123,new_cases_male,NaN,0,MISSING_VALUE,Zero_Filling
2026-05-16T14:55:12.373185,124,new_cases_male,NaN,0,MISSING_VALUE,Zero_Filling
2026-05-16T14:55:12.373185,125,new_cases_male,NaN,0,MISSING_VALUE,Zero_Filling
2026-05-16T14:55:12.373186,126,new_cases_male,NaN,0,MISSING_VALUE,Zero_Filling
2026-05-16T14:55:12.373187,127,new_cases_male,NaN,0,MISSING_VALUE,Zero_Filling
2026-05-16T14:55:12.373187,128,new_cases_male,NaN,0,MISSING_VALUE,Zero_Filling
2026-05-16T14:55:12.373188,129,new_cases_male,NaN,0,MISSING_VALUE,Zero_Filling
2026-05-16T14:55:12.373189,130,new_cases_male,NaN,0,MISSING_VALUE,Zero_Filling
2026-05-16T14:55:12.373189,131,new_cases_male,NaN,0,MISSING_VALUE,Zero_Filling
2026-05-16T14:55:12.373190,132,new_cases_male,NaN,0,MISSING_VALUE,Zero_Filling
2026-05-16T14:55:12.373191,133,new_cases_male,NaN,0,MISSING_VALUE,Zero_Filling
2026-05-16T14:55:12.373191,134,new_cases_male,NaN,0,MISSING_VALUE,Zero_Filling
2026-05-16T14:55:12.373192,135,new_cases_male,NaN,0,MISSING_VALUE,Zero_Filling
2026-05-16T14:55:12.373193,136,new_cases_male,NaN,0,MISSING_VALUE,Zero_Filling
2026-05-16T14:55:12.373193,137,new_cases_male,NaN,0,MISSING_VALUE,Zero_Filling
2026-05-16T14:55:12.373195,138,new_cases_male,NaN,0,MISSING_VALUE,Zero_Filling
2026-05-16T14:55:12.373196,139,new_cases_male,NaN,0,MISSING_VALUE,Zero_Filling
2026-05-16T14:55:12.373196,140,new_cases_male,NaN,0,MISSING_VALUE,Zero_Filling
2026-05-16T14:55:12.373197,141,new_cases_male,NaN,0,MISSING_VALUE,Zero_Filling
2026-05-16T14:55:12.373198,142,new_cases_male,NaN,0,MISSING_VALUE,Zero_Filling
2026-05-16T14:55:12.373198,143,new_cases_male,NaN,0,MISSING_VALUE,Zero_Filling
2026-05-16T14:55:12.373199,144,new_cases_male,NaN,0,MISSING_VALUE,Zero_Filling
2026-05-16T14:55:12.373200,145,new_cases_male,NaN,0,MISSING_VALUE,Zero_Filling
2026-05-16T14:55:12.373200,146,new_cases_male,NaN,0,MISSING_VALUE,Zero_Filling
2026-05-16T14:55:12.373201,147,new_cases_male,NaN,0,MISSING_VALUE,Zero_Filling
2026-05-16T14:55:12.373202,148,new_cases_male,NaN,0,MISSING_VALUE,Zero_Filling
2026-05-16T14:55:12.373202,149,new_cases_male,NaN,0,MISSING_VALUE,Zero_Filling
2026-05-16T14:55:12.373203,150,new_cases_male,NaN,0,MISSING_VALUE,Zero_Filling
2026-05-16T14:55:12.373203,151,new_cases_male,NaN,0,MISSING_VALUE,Zero_Filling
2026-05-16T14:55:12.373204,152,new_cases_male,NaN,0,MISSING_VALUE,Zero_Filling
2026-05-16T14:55:12.373205,153,new_cases_male,NaN,0,MISSING_VALUE,Zero_Filling
2026-05-16T14:55:12.373205,154,new_cases_male,NaN,0,MISSING_VALUE,Zero_Filling
2026-05-16T14:55:12.373206,155,new_cases_male,NaN,0,MISSING_VALUE,Zero_Filling
2026-05-16T14:55:12.373353,117,relapse_total,NaN,0,MISSING_VALUE,Zero_Filling
2026-05-16T14:55:12.373354,118,relapse_total,NaN,0,MISSING_VALUE,Zero_Filling
2026-05-16T14:55:12.373355,119,relapse_total,NaN,0,MISSING_VALUE,Zero_Filling
2026-05-16T14:55:12.373355,120,relapse_total,NaN,0,MISSING_VALUE,Zero_Filling
2026-05-16T14:55:12.373356,121,relapse_total,NaN,0,MISSING_VALUE,Zero_Filling
2026-05-16T14:55:12.373357,122,relapse_total,NaN,0,MISSING_VALUE,Zero_Filling
2026-05-16T14:55:12.373357,123,relapse_total,NaN,0,MISSING_VALUE,Zero_Filling
2026-05-16T14:55:12.373358,124,relapse_total,NaN,0,MISSING_VALUE,Zero_Filling
2026-05-16T14:55:12.373359,125,relapse_total,NaN,0,MISSING_VALUE,Zero_Filling
2026-05-16T14:55:12.373359,126,relapse_total,NaN,0,MISSING_VALUE,Zero_Filling
2026-05-16T14:55:12.373360,127,relapse_total,NaN,0,MISSING_VALUE,Zero_Filling
2026-05-16T14:55:12.373361,128,relapse_total,NaN,0,MISSING_VALUE,Zero_Filling
2026-05-16T14:55:12.373361,129,relapse_total,NaN,0,MISSING_VALUE,Zero_Filling
2026-05-16T14:55:12.373362,130,relapse_total,NaN,0,MISSING_VALUE,Zero_Filling
2026-05-16T14:55:12.373363,131,relapse_total,NaN,0,MISSING_VALUE,Zero_Filling
2026-05-16T14:55:12.373363,132,relapse_total,NaN,0,MISSING_VALUE,Zero_Filling
2026-05-16T14:55:12.373364,133,relapse_total,NaN,0,MISSING_VALUE,Zero_Filling
2026-05-16T14:55:12.373364,134,relapse_total,NaN,0,MISSING_VALUE,Zero_Filling
2026-05-16T14:55:12.373365,135,relapse_total,NaN,0,MISSING_VALUE,Zero_Filling
2026-05-16T14:55:12.373366,136,relapse_total,NaN,0,MISSING_VALUE,Zero_Filling
2026-05-16T14:55:12.373366,137,relapse_total,NaN,0,MISSING_VALUE,Zero_Filling
2026-05-16T14:55:12.373367,138,relapse_total,NaN,0,MISSING_VALUE,Zero_Filling
2026-05-16T14:55:12.373368,139,relapse_total,NaN,0,MISSING_VALUE,Zero_Filling
2026-05-16T14:55:12.373368,140,relapse_total,NaN,0,MISSING_VALUE,Zero_Filling
2026-05-16T14:55:12.373369,141,relapse_total,NaN,0,MISSING_VALUE,Zero_Filling
2026-05-16T14:55:12.373370,142,relapse_total,NaN,0,MISSING_VALUE,Zero_Filling
2026-05-16T14:55:12.373370,143,relapse_total,NaN,0,MISSING_VALUE,Zero_Filling
2026-05-16T14:55:12.373371,144,relapse_total,NaN,0,MISSING_VALUE,Zero_Filling
2026-05-16T14:55:12.373372,145,relapse_total,NaN,0,MISSING_VALUE,Zero_Filling
2026-05-16T14:55:12.373372,146,relapse_total,NaN,0,MISSING_VALUE,Zero_Filling
2026-05-16T14:55:12.373373,147,relapse_total,NaN,0,MISSING_VALUE,Zero_Filling
2026-05-16T14:55:12.373374,148,relapse_total,NaN,0,MISSING_VALUE,Zero_Filling
2026-05-16T14:55:12.373374,149,relapse_total,NaN,0,MISSING_VALUE,Zero_Filling
2026-05-16T14:55:12.373375,150,relapse_total,NaN,0,MISSING_VALUE,Zero_Filling
2026-05-16T14:55:12.373377,151,relapse_total,NaN,0,MISSING_VALUE,Zero_Filling
2026-05-16T14:55:12.373379,152,relapse_total,NaN,0,MISSING_VALUE,Zero_Filling
2026-05-16T14:55:12.373379,153,relapse_total,NaN,0,MISSING_VALUE,Zero_Filling
2026-05-16T14:55:12.373380,154,relapse_total,NaN,0,MISSING_VALUE,Zero_Filling
2026-05-16T14:55:12.373381,155,relapse_total,NaN,0,MISSING_VALUE,Zero_Filling
2026-05-16T14:55:12.373584,117,relapse_female,NaN,0,MISSING_VALUE,Zero_Filling
2026-05-16T14:55:12.373586,118,relapse_female,NaN,0,MISSING_VALUE,Zero_Filling
2026-05-16T14:55:12.373587,119,relapse_female,NaN,0,MISSING_VALUE,Zero_Filling
2026-05-16T14:55:12.373588,120,relapse_female,NaN,0,MISSING_VALUE,Zero_Filling
2026-05-16T14:55:12.373589,121,relapse_female,NaN,0,MISSING_VALUE,Zero_Filling
2026-05-16T14:55:12.373590,122,relapse_female,NaN,0,MISSING_VALUE,Zero_Filling
2026-05-16T14:55:12.373590,123,relapse_female,NaN,0,MISSING_VALUE,Zero_Filling
2026-05-16T14:55:12.373591,124,relapse_female,NaN,0,MISSING_VALUE,Zero_Filling
2026-05-16T14:55:12.373592,125,relapse_female,NaN,0,MISSING_VALUE,Zero_Filling
2026-05-16T14:55:12.373592,126,relapse_female,NaN,0,MISSING_VALUE,Zero_Filling
2026-05-16T14:55:12.373593,127,relapse_female,NaN,0,MISSING_VALUE,Zero_Filling
2026-05-16T14:55:12.373593,128,relapse_female,NaN,0,MISSING_VALUE,Zero_Filling
2026-05-16T14:55:12.373594,129,relapse_female,NaN,0,MISSING_VALUE,Zero_Filling
2026-05-16T14:55:12.373595,130,relapse_female,NaN,0,MISSING_VALUE,Zero_Filling
2026-05-16T14:55:12.373595,131,relapse_female,NaN,0,MISSING_VALUE,Zero_Filling
2026-05-16T14:55:12.373596,132,relapse_female,NaN,0,MISSING_VALUE,Zero_Filling
2026-05-16T14:55:12.373597,133,relapse_female,NaN,0,MISSING_VALUE,Zero_Filling
2026-05-16T14:55:12.373599,134,relapse_female,NaN,0,MISSING_VALUE,Zero_Filling
2026-05-16T14:55:12.373600,135,relapse_female,NaN,0,MISSING_VALUE,Zero_Filling
2026-05-16T14:55:12.373601,136,relapse_female,NaN,0,MISSING_VALUE,Zero_Filling
2026-05-16T14:55:12.373601,137,relapse_female,NaN,0,MISSING_VALUE,Zero_Filling
2026-05-16T14:55:12.373602,138,relapse_female,NaN,0,MISSING_VALUE,Zero_Filling
2026-05-16T14:55:12.373603,139,relapse_female,NaN,0,MISSING_VALUE,Zero_Filling
2026-05-16T14:55:12.373603,140,relapse_female,NaN,0,MISSING_VALUE,Zero_Filling
2026-05-16T14:55:12.373604,141,relapse_female,NaN,0,MISSING_VALUE,Zero_Filling
2026-05-16T14:55:12.373605,142,relapse_female,NaN,0,MISSING_VALUE,Zero_Filling
2026-05-16T14:55:12.373605,143,relapse_female,NaN,0,MISSING_VALUE,Zero_Filling
2026-05-16T14:55:12.373606,144,relapse_female,NaN,0,MISSING_VALUE,Zero_Filling
2026-05-16T14:55:12.373606,145,relapse_female,NaN,0,MISSING_VALUE,Zero_Filling
2026-05-16T14:55:12.373607,146,relapse_female,NaN,0,MISSING_VALUE,Zero_Filling
2026-05-16T14:55:12.373608,147,relapse_female,NaN,0,MISSING_VALUE,Zero_Filling
2026-05-16T14:55:12.373608,148,relapse_female,NaN,0,MISSING_VALUE,Zero_Filling
2026-05-16T14:55:12.373609,149,relapse_female,NaN,0,MISSING_VALUE,Zero_Filling
2026-05-16T14:55:12.373610,150,relapse_female,NaN,0,MISSING_VALUE,Zero_Filling
2026-05-16T14:55:12.373611,151,relapse_female,NaN,0,MISSING_VALUE,Zero_Filling
2026-05-16T14:55:12.373611,152,relapse_female,NaN,0,MISSING_VALUE,Zero_Filling
2026-05-16T14:55:12.373612,153,relapse_female,NaN,0,MISSING_VALUE,Zero_Filling
2026-05-16T14:55:12.373613,154,relapse_female,NaN,0,MISSING_VALUE,Zero_Filling
2026-05-16T14:55:12.373613,155,relapse_female,NaN,0,MISSING_VALUE,Zero_Filling
2026-05-16T14:55:12.373788,117,relapse_male,NaN,0,MISSING_VALUE,Zero_Filling
2026-05-16T14:55:12.373790,118,relapse_male,NaN,0,MISSING_VALUE,Zero_Filling
2026-05-16T14:55:12.373791,119,relapse_male,NaN,0,MISSING_VALUE,Zero_Filling
2026-05-16T14:55:12.373791,120,relapse_male,NaN,0,MISSING_VALUE,Zero_Filling
2026-05-16T14:55:12.373792,121,relapse_male,NaN,0,MISSING_VALUE,Zero_Filling
2026-05-16T14:55:12.373793,122,relapse_male,NaN,0,MISSING_VALUE,Zero_Filling
2026-05-16T14:55:12.373793,123,relapse_male,NaN,0,MISSING_VALUE,Zero_Filling
2026-05-16T14:55:12.373794,124,relapse_male,NaN,0,MISSING_VALUE,Zero_Filling
2026-05-16T14:55:12.373795,125,relapse_male,NaN,0,MISSING_VALUE,Zero_Filling
2026-05-16T14:55:12.373795,126,relapse_male,NaN,0,MISSING_VALUE,Zero_Filling
2026-05-16T14:55:12.373797,127,relapse_male,NaN,0,MISSING_VALUE,Zero_Filling
2026-05-16T14:55:12.373798,128,relapse_male,NaN,0,MISSING_VALUE,Zero_Filling
2026-05-16T14:55:12.373799,129,relapse_male,NaN,0,MISSING_VALUE,Zero_Filling
2026-05-16T14:55:12.373800,130,relapse_male,NaN,0,MISSING_VALUE,Zero_Filling
2026-05-16T14:55:12.373800,131,relapse_male,NaN,0,MISSING_VALUE,Zero_Filling
2026-05-16T14:55:12.373801,132,relapse_male,NaN,0,MISSING_VALUE,Zero_Filling
2026-05-16T14:55:12.373802,133,relapse_male,NaN,0,MISSING_VALUE,Zero_Filling
2026-05-16T14:55:12.373802,134,relapse_male,NaN,0,MISSING_VALUE,Zero_Filling
2026-05-16T14:55:12.373803,135,relapse_male,NaN,0,MISSING_VALUE,Zero_Filling
2026-05-16T14:55:12.373804,136,relapse_male,NaN,0,MISSING_VALUE,Zero_Filling
2026-05-16T14:55:12.373804,137,relapse_male,NaN,0,MISSING_VALUE,Zero_Filling
2026-05-16T14:55:12.373805,138,relapse_male,NaN,0,MISSING_VALUE,Zero_Filling
2026-05-16T14:55:12.373806,139,relapse_male,NaN,0,MISSING_VALUE,Zero_Filling
2026-05-16T14:55:12.373806,140,relapse_male,NaN,0,MISSING_VALUE,Zero_Filling
2026-05-16T14:55:12.373807,141,relapse_male,NaN,0,MISSING_VALUE,Zero_Filling
2026-05-16T14:55:12.373808,142,relapse_male,NaN,0,MISSING_VALUE,Zero_Filling
2026-05-16T14:55:12.373808,143,relapse_male,NaN,0,MISSING_VALUE,Zero_Filling
2026-05-16T14:55:12.373809,144,relapse_male,NaN,0,MISSING_VALUE,Zero_Filling
2026-05-16T14:55:12.373810,145,relapse_male,NaN,0,MISSING_VALUE,Zero_Filling
2026-05-16T14:55:12.373810,146,relapse_male,NaN,0,MISSING_VALUE,Zero_Filling
2026-05-16T14:55:12.373811,147,relapse_male,NaN,0,MISSING_VALUE,Zero_Filling
2026-05-16T14:55:12.373811,148,relapse_male,NaN,0,MISSING_VALUE,Zero_Filling
2026-05-16T14:55:12.373812,149,relapse_male,NaN,0,MISSING_VALUE,Zero_Filling
2026-05-16T14:55:12.373813,150,relapse_male,NaN,0,MISSING_VALUE,Zero_Filling
2026-05-16T14:55:12.373813,151,relapse_male,NaN,0,MISSING_VALUE,Zero_Filling
2026-05-16T14:55:12.373814,152,relapse_male,NaN,0,MISSING_VALUE,Zero_Filling
2026-05-16T14:55:12.373815,153,relapse_male,NaN,0,MISSING_VALUE,Zero_Filling
2026-05-16T14:55:12.373815,154,relapse_male,NaN,0,MISSING_VALUE,Zero_Filling
2026-05-16T14:55:12.373816,155,relapse_male,NaN,0,MISSING_VALUE,Zero_Filling
2026-05-16T14:55:12.373971,117,total_tb_m+f,NaN,0,MISSING_VALUE,Zero_Filling
2026-05-16T14:55:12.373972,118,total_tb_m+f,NaN,0,MISSING_VALUE,Zero_Filling
2026-05-16T14:55:12.373973,119,total_tb_m+f,NaN,0,MISSING_VALUE,Zero_Filling
2026-05-16T14:55:12.373974,120,total_tb_m+f,NaN,0,MISSING_VALUE,Zero_Filling
2026-05-16T14:55:12.373974,121,total_tb_m+f,NaN,0,MISSING_VALUE,Zero_Filling
2026-05-16T14:55:12.373975,122,total_tb_m+f,NaN,0,MISSING_VALUE,Zero_Filling
2026-05-16T14:55:12.373976,123,total_tb_m+f,NaN,0,MISSING_VALUE,Zero_Filling
2026-05-16T14:55:12.373976,124,total_tb_m+f,NaN,0,MISSING_VALUE,Zero_Filling
2026-05-16T14:55:12.373977,125,total_tb_m+f,NaN,0,MISSING_VALUE,Zero_Filling
2026-05-16T14:55:12.373978,126,total_tb_m+f,NaN,0,MISSING_VALUE,Zero_Filling
2026-05-16T14:55:12.373978,127,total_tb_m+f,NaN,0,MISSING_VALUE,Zero_Filling
2026-05-16T14:55:12.373979,128,total_tb_m+f,NaN,0,MISSING_VALUE,Zero_Filling
2026-05-16T14:55:12.373980,129,total_tb_m+f,NaN,0,MISSING_VALUE,Zero_Filling
2026-05-16T14:55:12.373980,130,total_tb_m+f,NaN,0,MISSING_VALUE,Zero_Filling
2026-05-16T14:55:12.373981,131,total_tb_m+f,NaN,0,MISSING_VALUE,Zero_Filling
2026-05-16T14:55:12.373982,132,total_tb_m+f,NaN,0,MISSING_VALUE,Zero_Filling
2026-05-16T14:55:12.373982,133,total_tb_m+f,NaN,0,MISSING_VALUE,Zero_Filling
2026-05-16T14:55:12.373983,134,total_tb_m+f,NaN,0,MISSING_VALUE,Zero_Filling
2026-05-16T14:55:12.373984,135,total_tb_m+f,NaN,0,MISSING_VALUE,Zero_Filling
2026-05-16T14:55:12.373984,136,total_tb_m+f,NaN,0,MISSING_VALUE,Zero_Filling
2026-05-16T14:55:12.373985,137,total_tb_m+f,NaN,0,MISSING_VALUE,Zero_Filling
2026-05-16T14:55:12.373986,138,total_tb_m+f,NaN,0,MISSING_VALUE,Zero_Filling
2026-05-16T14:55:12.373986,139,total_tb_m+f,NaN,0,MISSING_VALUE,Zero_Filling
2026-05-16T14:55:12.373987,140,total_tb_m+f,NaN,0,MISSING_VALUE,Zero_Filling
2026-05-16T14:55:12.373989,141,total_tb_m+f,NaN,0,MISSING_VALUE,Zero_Filling
2026-05-16T14:55:12.373990,142,total_tb_m+f,NaN,0,MISSING_VALUE,Zero_Filling
2026-05-16T14:55:12.373990,143,total_tb_m+f,NaN,0,MISSING_VALUE,Zero_Filling
2026-05-16T14:55:12.373991,144,total_tb_m+f,NaN,0,MISSING_VALUE,Zero_Filling
2026-05-16T14:55:12.373992,145,total_tb_m+f,NaN,0,MISSING_VALUE,Zero_Filling
2026-05-16T14:55:12.373992,146,total_tb_m+f,NaN,0,MISSING_VALUE,Zero_Filling
2026-05-16T14:55:12.373993,147,total_tb_m+f,NaN,0,MISSING_VALUE,Zero_Filling
2026-05-16T14:55:12.373994,148,total_tb_m+f,NaN,0,MISSING_VALUE,Zero_Filling
2026-05-16T14:55:12.373994,149,total_tb_m+f,NaN,0,MISSING_VALUE,Zero_Filling
2026-05-16T14:55:12.373995,150,total_tb_m+f,NaN,0,MISSING_VALUE,Zero_Filling
2026-05-16T14:55:12.373996,151,total_tb_m+f,NaN,0,MISSING_VALUE,Zero_Filling
2026-05-16T14:55:12.373996,152,total_tb_m+f,NaN,0,MISSING_VALUE,Zero_Filling
2026-05-16T14:55:12.373997,153,total_tb_m+f,NaN,0,MISSING_VALUE,Zero_Filling
2026-05-16T14:55:12.373997,154,total_tb_m+f,NaN,0,MISSING_VALUE,Zero_Filling
2026-05-16T14:55:12.373998,155,total_tb_m+f,NaN,0,MISSING_VALUE,Zero_Filling
2026-05-16T14:55:12.374145,117,total_tb_female,NaN,0,MISSING_VALUE,Zero_Filling
2026-05-16T14:55:12.374146,118,total_tb_female,NaN,0,MISSING_VALUE,Zero_Filling
2026-05-16T14:55:12.374147,119,total_tb_female,NaN,0,MISSING_VALUE,Zero_Filling
2026-05-16T14:55:12.374148,120,total_tb_female,NaN,0,MISSING_VALUE,Zero_Filling
2026-05-16T14:55:12.374149,121,total_tb_female,NaN,0,MISSING_VALUE,Zero_Filling
2026-05-16T14:55:12.374149,122,total_tb_female,NaN,0,MISSING_VALUE,Zero_Filling
2026-05-16T14:55:12.374150,123,total_tb_female,NaN,0,MISSING_VALUE,Zero_Filling
2026-05-16T14:55:12.374151,124,total_tb_female,NaN,0,MISSING_VALUE,Zero_Filling
2026-05-16T14:55:12.374151,125,total_tb_female,NaN,0,MISSING_VALUE,Zero_Filling
2026-05-16T14:55:12.374152,126,total_tb_female,NaN,0,MISSING_VALUE,Zero_Filling
2026-05-16T14:55:12.374153,127,total_tb_female,NaN,0,MISSING_VALUE,Zero_Filling
2026-05-16T14:55:12.374153,128,total_tb_female,NaN,0,MISSING_VALUE,Zero_Filling
2026-05-16T14:55:12.374154,129,total_tb_female,NaN,0,MISSING_VALUE,Zero_Filling
2026-05-16T14:55:12.374155,130,total_tb_female,NaN,0,MISSING_VALUE,Zero_Filling
2026-05-16T14:55:12.374155,131,total_tb_female,NaN,0,MISSING_VALUE,Zero_Filling
2026-05-16T14:55:12.374156,132,total_tb_female,NaN,0,MISSING_VALUE,Zero_Filling
2026-05-16T14:55:12.374157,133,total_tb_female,NaN,0,MISSING_VALUE,Zero_Filling
2026-05-16T14:55:12.374157,134,total_tb_female,NaN,0,MISSING_VALUE,Zero_Filling
2026-05-16T14:55:12.374158,135,total_tb_female,NaN,0,MISSING_VALUE,Zero_Filling
2026-05-16T14:55:12.374159,136,total_tb_female,NaN,0,MISSING_VALUE,Zero_Filling
2026-05-16T14:55:12.374159,137,total_tb_female,NaN,0,MISSING_VALUE,Zero_Filling
2026-05-16T14:55:12.374160,138,total_tb_female,NaN,0,MISSING_VALUE,Zero_Filling
2026-05-16T14:55:12.374161,139,total_tb_female,NaN,0,MISSING_VALUE,Zero_Filling
2026-05-16T14:55:12.374161,140,total_tb_female,NaN,0,MISSING_VALUE,Zero_Filling
2026-05-16T14:55:12.374162,141,total_tb_female,NaN,0,MISSING_VALUE,Zero_Filling
2026-05-16T14:55:12.374163,142,total_tb_female,NaN,0,MISSING_VALUE,Zero_Filling
2026-05-16T14:55:12.374163,143,total_tb_female,NaN,0,MISSING_VALUE,Zero_Filling
2026-05-16T14:55:12.374164,144,total_tb_female,NaN,0,MISSING_VALUE,Zero_Filling
2026-05-16T14:55:12.374165,145,total_tb_female,NaN,0,MISSING_VALUE,Zero_Filling
2026-05-16T14:55:12.374165,146,total_tb_female,NaN,0,MISSING_VALUE,Zero_Filling
2026-05-16T14:55:12.374166,147,total_tb_female,NaN,0,MISSING_VALUE,Zero_Filling
2026-05-16T14:55:12.374166,148,total_tb_female,NaN,0,MISSING_VALUE,Zero_Filling
2026-05-16T14:55:12.374167,149,total_tb_female,NaN,0,MISSING_VALUE,Zero_Filling
2026-05-16T14:55:12.374168,150,total_tb_female,NaN,0,MISSING_VALUE,Zero_Filling
2026-05-16T14:55:12.374168,151,total_tb_female,NaN,0,MISSING_VALUE,Zero_Filling
2026-05-16T14:55:12.374169,152,total_tb_female,NaN,0,MISSING_VALUE,Zero_Filling
2026-05-16T14:55:12.374170,153,total_tb_female,NaN,0,MISSING_VALUE,Zero_Filling
2026-05-16T14:55:12.374170,154,total_tb_female,NaN,0,MISSING_VALUE,Zero_Filling
2026-05-16T14:55:12.374173,155,total_tb_female,NaN,0,MISSING_VALUE,Zero_Filling
2026-05-16T14:55:12.374325,117,total_tb_male,NaN,0,MISSING_VALUE,Zero_Filling
2026-05-16T14:55:12.374326,118,total_tb_male,NaN,0,MISSING_VALUE,Zero_Filling
2026-05-16T14:55:12.374327,119,total_tb_male,NaN,0,MISSING_VALUE,Zero_Filling
2026-05-16T14:55:12.374327,120,total_tb_male,NaN,0,MISSING_VALUE,Zero_Filling
2026-05-16T14:55:12.374328,121,total_tb_male,NaN,0,MISSING_VALUE,Zero_Filling
2026-05-16T14:55:12.374329,122,total_tb_male,NaN,0,MISSING_VALUE,Zero_Filling
2026-05-16T14:55:12.374329,123,total_tb_male,NaN,0,MISSING_VALUE,Zero_Filling
2026-05-16T14:55:12.374330,124,total_tb_male,NaN,0,MISSING_VALUE,Zero_Filling
2026-05-16T14:55:12.374331,125,total_tb_male,NaN,0,MISSING_VALUE,Zero_Filling
2026-05-16T14:55:12.374331,126,total_tb_male,NaN,0,MISSING_VALUE,Zero_Filling
2026-05-16T14:55:12.374332,127,total_tb_male,NaN,0,MISSING_VALUE,Zero_Filling
2026-05-16T14:55:12.374333,128,total_tb_male,NaN,0,MISSING_VALUE,Zero_Filling
2026-05-16T14:55:12.374333,129,total_tb_male,NaN,0,MISSING_VALUE,Zero_Filling
2026-05-16T14:55:12.374334,130,total_tb_male,NaN,0,MISSING_VALUE,Zero_Filling
2026-05-16T14:55:12.374335,131,total_tb_male,NaN,0,MISSING_VALUE,Zero_Filling
2026-05-16T14:55:12.374335,132,total_tb_male,NaN,0,MISSING_VALUE,Zero_Filling
2026-05-16T14:55:12.374336,133,total_tb_male,NaN,0,MISSING_VALUE,Zero_Filling
2026-05-16T14:55:12.374337,134,total_tb_male,NaN,0,MISSING_VALUE,Zero_Filling
2026-05-16T14:55:12.374337,135,total_tb_male,NaN,0,MISSING_VALUE,Zero_Filling
2026-05-16T14:55:12.374338,136,total_tb_male,NaN,0,MISSING_VALUE,Zero_Filling
2026-05-16T14:55:12.374339,137,total_tb_male,NaN,0,MISSING_VALUE,Zero_Filling
2026-05-16T14:55:12.374339,138,total_tb_male,NaN,0,MISSING_VALUE,Zero_Filling
2026-05-16T14:55:12.374340,139,total_tb_male,NaN,0,MISSING_VALUE,Zero_Filling
2026-05-16T14:55:12.374341,140,total_tb_male,NaN,0,MISSING_VALUE,Zero_Filling
2026-05-16T14:55:12.374341,141,total_tb_male,NaN,0,MISSING_VALUE,Zero_Filling
2026-05-16T14:55:12.374342,142,total_tb_male,NaN,0,MISSING_VALUE,Zero_Filling
2026-05-16T14:55:12.374343,143,total_tb_male,NaN,0,MISSING_VALUE,Zero_Filling
2026-05-16T14:55:12.374343,144,total_tb_male,NaN,0,MISSING_VALUE,Zero_Filling
2026-05-16T14:55:12.374344,145,total_tb_male,NaN,0,MISSING_VALUE,Zero_Filling
2026-05-16T14:55:12.374345,146,total_tb_male,NaN,0,MISSING_VALUE,Zero_Filling
2026-05-16T14:55:12.374345,147,total_tb_male,NaN,0,MISSING_VALUE,Zero_Filling
2026-05-16T14:55:12.374346,148,total_tb_male,NaN,0,MISSING_VALUE,Zero_Filling
2026-05-16T14:55:12.374347,149,total_tb_male,NaN,0,MISSING_VALUE,Zero_Filling
2026-05-16T14:55:12.374347,150,total_tb_male,NaN,0,MISSING_VALUE,Zero_Filling
2026-05-16T14:55:12.374348,151,total_tb_male,NaN,0,MISSING_VALUE,Zero_Filling
2026-05-16T14:55:12.374348,152,total_tb_male,NaN,0,MISSING_VALUE,Zero_Filling
2026-05-16T14:55:12.374349,153,total_tb_male,NaN,0,MISSING_VALUE,Zero_Filling
2026-05-16T14:55:12.374350,154,total_tb_male,NaN,0,MISSING_VALUE,Zero_Filling
2026-05-16T14:55:12.374350,155,total_tb_male,NaN,0,MISSING_VALUE,Zero_Filling
2026-05-16T14:55:12.374520,41,m_to_f_ratio,NaN,0,MISSING_VALUE,Zero_Filling
2026-05-16T14:55:12.374521,52,m_to_f_ratio,NaN,0,MISSING_VALUE,Zero_Filling
2026-05-16T14:55:12.374522,54,m_to_f_ratio,NaN,0,MISSING_VALUE,Zero_Filling
2026-05-16T14:55:12.374523,80,m_to_f_ratio,NaN,0,MISSING_VALUE,Zero_Filling
2026-05-16T14:55:12.374523,91,m_to_f_ratio,NaN,0,MISSING_VALUE,Zero_Filling
2026-05-16T14:55:12.374524,104,m_to_f_ratio,NaN,0,MISSING_VALUE,Zero_Filling
2026-05-16T14:55:12.374525,117,m_to_f_ratio,NaN,0,MISSING_VALUE,Zero_Filling
2026-05-16T14:55:12.374525,118,m_to_f_ratio,NaN,0,MISSING_VALUE,Zero_Filling
2026-05-16T14:55:12.374526,119,m_to_f_ratio,NaN,0,MISSING_VALUE,Zero_Filling
2026-05-16T14:55:12.374527,120,m_to_f_ratio,NaN,0,MISSING_VALUE,Zero_Filling
2026-05-16T14:55:12.374527,121,m_to_f_ratio,NaN,0,MISSING_VALUE,Zero_Filling
2026-05-16T14:55:12.374528,122,m_to_f_ratio,NaN,0,MISSING_VALUE,Zero_Filling
2026-05-16T14:55:12.374529,123,m_to_f_ratio,NaN,0,MISSING_VALUE,Zero_Filling
2026-05-16T14:55:12.374529,124,m_to_f_ratio,NaN,0,MISSING_VALUE,Zero_Filling
2026-05-16T14:55:12.374530,125,m_to_f_ratio,NaN,0,MISSING_VALUE,Zero_Filling
2026-05-16T14:55:12.374531,126,m_to_f_ratio,NaN,0,MISSING_VALUE,Zero_Filling
2026-05-16T14:55:12.374531,127,m_to_f_ratio,NaN,0,MISSING_VALUE,Zero_Filling
2026-05-16T14:55:12.374532,128,m_to_f_ratio,NaN,0,MISSING_VALUE,Zero_Filling
2026-05-16T14:55:12.374532,129,m_to_f_ratio,NaN,0,MISSING_VALUE,Zero_Filling
2026-05-16T14:55:12.374533,130,m_to_f_ratio,NaN,0,MISSING_VALUE,Zero_Filling
2026-05-16T14:55:12.374534,131,m_to_f_ratio,NaN,0,MISSING_VALUE,Zero_Filling
2026-05-16T14:55:12.374535,132,m_to_f_ratio,NaN,0,MISSING_VALUE,Zero_Filling
2026-05-16T14:55:12.374535,133,m_to_f_ratio,NaN,0,MISSING_VALUE,Zero_Filling
2026-05-16T14:55:12.374536,134,m_to_f_ratio,NaN,0,MISSING_VALUE,Zero_Filling
2026-05-16T14:55:12.374536,135,m_to_f_ratio,NaN,0,MISSING_VALUE,Zero_Filling
2026-05-16T14:55:12.374537,136,m_to_f_ratio,NaN,0,MISSING_VALUE,Zero_Filling
2026-05-16T14:55:12.374538,137,m_to_f_ratio,NaN,0,MISSING_VALUE,Zero_Filling
2026-05-16T14:55:12.374538,138,m_to_f_ratio,NaN,0,MISSING_VALUE,Zero_Filling
2026-05-16T14:55:12.374539,139,m_to_f_ratio,NaN,0,MISSING_VALUE,Zero_Filling
2026-05-16T14:55:12.374540,140,m_to_f_ratio,NaN,0,MISSING_VALUE,Zero_Filling
2026-05-16T14:55:12.374540,141,m_to_f_ratio,NaN,0,MISSING_VALUE,Zero_Filling
2026-05-16T14:55:12.374541,142,m_to_f_ratio,NaN,0,MISSING_VALUE,Zero_Filling
2026-05-16T14:55:12.374542,143,m_to_f_ratio,NaN,0,MISSING_VALUE,Zero_Filling
2026-05-16T14:55:12.374542,144,m_to_f_ratio,NaN,0,MISSING_VALUE,Zero_Filling
2026-05-16T14:55:12.374543,145,m_to_f_ratio,NaN,0,MISSING_VALUE,Zero_Filling
2026-05-16T14:55:12.374544,146,m_to_f_ratio,NaN,0,MISSING_VALUE,Zero_Filling
2026-05-16T14:55:12.374544,147,m_to_f_ratio,NaN,0,MISSING_VALUE,Zero_Filling
2026-05-16T14:55:12.374545,148,m_to_f_ratio,NaN,0,MISSING_VALUE,Zero_Filling
2026-05-16T14:55:12.374546,149,m_to_f_ratio,NaN,0,MISSING_VALUE,Zero_Filling
2026-05-16T14:55:12.374546,150,m_to_f_ratio,NaN,0,MISSING_VALUE,Zero_Filling
2026-05-16T14:55:12.374547,151,m_to_f_ratio,NaN,0,MISSING_VALUE,Zero_Filling
2026-05-16T14:55:12.374548,152,m_to_f_ratio,NaN,0,MISSING_VALUE,Zero_Filling
2026-05-16T14:55:12.374548,153,m_to_f_ratio,NaN,0,MISSING_VALUE,Zero_Filling
2026-05-16T14:55:12.374549,154,m_to_f_ratio,NaN,0,MISSING_VALUE,Zero_Filling
2026-05-16T14:55:12.374550,155,m_to_f_ratio,NaN,0,MISSING_VALUE,Zero_Filling
2026-05-16T14:55:12.374550,171,m_to_f_ratio,NaN,0,MISSING_VALUE,Zero_Filling
2026-05-16T14:55:12.374551,223,m_to_f_ratio,NaN,0,MISSING_VALUE,Zero_Filling
2026-05-16T14:55:12.374552,236,m_to_f_ratio,NaN,0,MISSING_VALUE,Zero_Filling
2026-05-16T14:55:12.374552,249,m_to_f_ratio,NaN,0,MISSING_VALUE,Zero_Filling
2026-05-16T14:55:12.374553,262,m_to_f_ratio,NaN,0,MISSING_VALUE,Zero_Filling
2026-05-16T14:55:12.374554,269,m_to_f_ratio,NaN,0,MISSING_VALUE,Zero_Filling
2026-05-16T14:55:12.374554,327,m_to_f_ratio,NaN,0,MISSING_VALUE,Zero_Filling
2026-05-16T14:55:12.374555,353,m_to_f_ratio,NaN,0,MISSING_VALUE,Zero_Filling
2026-05-16T14:55:12.374556,386,m_to_f_ratio,NaN,0,MISSING_VALUE,Zero_Filling
2026-05-16T14:55:12.374556,405,m_to_f_ratio,NaN,0,MISSING_VALUE,Zero_Filling
2026-05-16T14:55:12.374557,418,m_to_f_ratio,NaN,0,MISSING_VALUE,Zero_Filling
2026-05-16T14:55:12.374558,438,m_to_f_ratio,NaN,0,MISSING_VALUE,Zero_Filling
2026-05-16T14:55:12.374558,483,m_to_f_ratio,NaN,0,MISSING_VALUE,Zero_Filling
2026-05-16T14:55:12.374559,490,m_to_f_ratio,NaN,0,MISSING_VALUE,Zero_Filling
2026-05-16T14:55:12.374560,496,m_to_f_ratio,NaN,0,MISSING_VALUE,Zero_Filling
2026-05-16T14:55:12.374560,522,m_to_f_ratio,NaN,0,MISSING_VALUE,Zero_Filling
2026-05-16T14:55:12.374561,535,m_to_f_ratio,NaN,0,MISSING_VALUE,Zero_Filling
2026-05-16T14:55:12.374562,568,m_to_f_ratio,NaN,0,MISSING_VALUE,Zero_Filling
2026-05-16T14:55:12.374562,600,m_to_f_ratio,NaN,0,MISSING_VALUE,Zero_Filling
2026-05-16T14:55:12.374563,624,m_to_f_ratio,NaN,0,MISSING_VALUE,Zero_Filling
2026-05-16T14:55:12.374564,626,m_to_f_ratio,NaN,0,MISSING_VALUE,Zero_Filling
2026-05-16T14:55:12.374566,646,m_to_f_ratio,NaN,0,MISSING_VALUE,Zero_Filling
2026-05-16T14:55:12.374566,652,m_to_f_ratio,NaN,0,MISSING_VALUE,Zero_Filling
2026-05-16T14:55:12.374567,665,m_to_f_ratio,NaN,0,MISSING_VALUE,Zero_Filling
2026-05-16T14:55:12.374568,678,m_to_f_ratio,NaN,0,MISSING_VALUE,Zero_Filling
2026-05-16T14:55:12.374568,690,m_to_f_ratio,NaN,0,MISSING_VALUE,Zero_Filling
2026-05-16T14:55:12.374569,715,m_to_f_ratio,NaN,0,MISSING_VALUE,Zero_Filling
2026-05-16T14:55:12.374570,724,m_to_f_ratio,NaN,0,MISSING_VALUE,Zero_Filling
2026-05-16T14:55:12.374732,117,male_pct_new,NaN,0,MISSING_VALUE,Zero_Filling
2026-05-16T14:55:12.374733,118,male_pct_new,NaN,0,MISSING_VALUE,Zero_Filling
2026-05-16T14:55:12.374734,119,male_pct_new,NaN,0,MISSING_VALUE,Zero_Filling
2026-05-16T14:55:12.374734,120,male_pct_new,NaN,0,MISSING_VALUE,Zero_Filling
2026-05-16T14:55:12.374735,121,male_pct_new,NaN,0,MISSING_VALUE,Zero_Filling
2026-05-16T14:55:12.374736,122,male_pct_new,NaN,0,MISSING_VALUE,Zero_Filling
2026-05-16T14:55:12.374736,123,male_pct_new,NaN,0,MISSING_VALUE,Zero_Filling
2026-05-16T14:55:12.374737,124,male_pct_new,NaN,0,MISSING_VALUE,Zero_Filling
2026-05-16T14:55:12.374738,125,male_pct_new,NaN,0,MISSING_VALUE,Zero_Filling
2026-05-16T14:55:12.374738,126,male_pct_new,NaN,0,MISSING_VALUE,Zero_Filling
2026-05-16T14:55:12.374739,127,male_pct_new,NaN,0,MISSING_VALUE,Zero_Filling
2026-05-16T14:55:12.374740,128,male_pct_new,NaN,0,MISSING_VALUE,Zero_Filling
2026-05-16T14:55:12.374740,129,male_pct_new,NaN,0,MISSING_VALUE,Zero_Filling
2026-05-16T14:55:12.374741,130,male_pct_new,NaN,0,MISSING_VALUE,Zero_Filling
2026-05-16T14:55:12.374742,131,male_pct_new,NaN,0,MISSING_VALUE,Zero_Filling
2026-05-16T14:55:12.374742,132,male_pct_new,NaN,0,MISSING_VALUE,Zero_Filling
2026-05-16T14:55:12.374743,133,male_pct_new,NaN,0,MISSING_VALUE,Zero_Filling
2026-05-16T14:55:12.374744,134,male_pct_new,NaN,0,MISSING_VALUE,Zero_Filling
2026-05-16T14:55:12.374744,135,male_pct_new,NaN,0,MISSING_VALUE,Zero_Filling
2026-05-16T14:55:12.374745,136,male_pct_new,NaN,0,MISSING_VALUE,Zero_Filling
2026-05-16T14:55:12.374746,137,male_pct_new,NaN,0,MISSING_VALUE,Zero_Filling
2026-05-16T14:55:12.374746,138,male_pct_new,NaN,0,MISSING_VALUE,Zero_Filling
2026-05-16T14:55:12.374747,139,male_pct_new,NaN,0,MISSING_VALUE,Zero_Filling
2026-05-16T14:55:12.374747,140,male_pct_new,NaN,0,MISSING_VALUE,Zero_Filling
2026-05-16T14:55:12.374748,141,male_pct_new,NaN,0,MISSING_VALUE,Zero_Filling
2026-05-16T14:55:12.374749,142,male_pct_new,NaN,0,MISSING_VALUE,Zero_Filling
2026-05-16T14:55:12.374749,143,male_pct_new,NaN,0,MISSING_VALUE,Zero_Filling
2026-05-16T14:55:12.374750,144,male_pct_new,NaN,0,MISSING_VALUE,Zero_Filling
2026-05-16T14:55:12.374751,145,male_pct_new,NaN,0,MISSING_VALUE,Zero_Filling
2026-05-16T14:55:12.374751,146,male_pct_new,NaN,0,MISSING_VALUE,Zero_Filling
2026-05-16T14:55:12.374752,147,male_pct_new,NaN,0,MISSING_VALUE,Zero_Filling
2026-05-16T14:55:12.374753,148,male_pct_new,NaN,0,MISSING_VALUE,Zero_Filling
2026-05-16T14:55:12.374753,149,male_pct_new,NaN,0,MISSING_VALUE,Zero_Filling
2026-05-16T14:55:12.374754,150,male_pct_new,NaN,0,MISSING_VALUE,Zero_Filling
2026-05-16T14:55:12.374754,151,male_pct_new,NaN,0,MISSING_VALUE,Zero_Filling
2026-05-16T14:55:12.374755,152,male_pct_new,NaN,0,MISSING_VALUE,Zero_Filling
2026-05-16T14:55:12.374756,153,male_pct_new,NaN,0,MISSING_VALUE,Zero_Filling
2026-05-16T14:55:12.374756,154,male_pct_new,NaN,0,MISSING_VALUE,Zero_Filling
2026-05-16T14:55:12.374757,155,male_pct_new,NaN,0,MISSING_VALUE,Zero_Filling
2026-05-16T14:55:12.374758,327,male_pct_new,NaN,0,MISSING_VALUE,Zero_Filling
2026-05-16T14:55:12.374758,483,male_pct_new,NaN,0,MISSING_VALUE,Zero_Filling
2026-05-16T14:55:12.374759,535,male_pct_new,NaN,0,MISSING_VALUE,Zero_Filling
2026-05-16T14:55:12.374760,652,male_pct_new,NaN,0,MISSING_VALUE,Zero_Filling
2026-05-16T14:55:12.374928,117,female_pct_new,NaN,0,MISSING_VALUE,Zero_Filling
2026-05-16T14:55:12.374929,118,female_pct_new,NaN,0,MISSING_VALUE,Zero_Filling
2026-05-16T14:55:12.374930,119,female_pct_new,NaN,0,MISSING_VALUE,Zero_Filling
2026-05-16T14:55:12.374931,120,female_pct_new,NaN,0,MISSING_VALUE,Zero_Filling
2026-05-16T14:55:12.374931,121,female_pct_new,NaN,0,MISSING_VALUE,Zero_Filling
2026-05-16T14:55:12.374932,122,female_pct_new,NaN,0,MISSING_VALUE,Zero_Filling
2026-05-16T14:55:12.374933,123,female_pct_new,NaN,0,MISSING_VALUE,Zero_Filling
2026-05-16T14:55:12.374933,124,female_pct_new,NaN,0,MISSING_VALUE,Zero_Filling
2026-05-16T14:55:12.374934,125,female_pct_new,NaN,0,MISSING_VALUE,Zero_Filling
2026-05-16T14:55:12.374935,126,female_pct_new,NaN,0,MISSING_VALUE,Zero_Filling
2026-05-16T14:55:12.374935,127,female_pct_new,NaN,0,MISSING_VALUE,Zero_Filling
2026-05-16T14:55:12.374936,128,female_pct_new,NaN,0,MISSING_VALUE,Zero_Filling
2026-05-16T14:55:12.374937,129,female_pct_new,NaN,0,MISSING_VALUE,Zero_Filling
2026-05-16T14:55:12.374937,130,female_pct_new,NaN,0,MISSING_VALUE,Zero_Filling
2026-05-16T14:55:12.374938,131,female_pct_new,NaN,0,MISSING_VALUE,Zero_Filling
2026-05-16T14:55:12.374939,132,female_pct_new,NaN,0,MISSING_VALUE,Zero_Filling
2026-05-16T14:55:12.374939,133,female_pct_new,NaN,0,MISSING_VALUE,Zero_Filling
2026-05-16T14:55:12.374940,134,female_pct_new,NaN,0,MISSING_VALUE,Zero_Filling
2026-05-16T14:55:12.374941,135,female_pct_new,NaN,0,MISSING_VALUE,Zero_Filling
2026-05-16T14:55:12.374941,136,female_pct_new,NaN,0,MISSING_VALUE,Zero_Filling
2026-05-16T14:55:12.374942,137,female_pct_new,NaN,0,MISSING_VALUE,Zero_Filling
2026-05-16T14:55:12.374943,138,female_pct_new,NaN,0,MISSING_VALUE,Zero_Filling
2026-05-16T14:55:12.374943,139,female_pct_new,NaN,0,MISSING_VALUE,Zero_Filling
2026-05-16T14:55:12.374944,140,female_pct_new,NaN,0,MISSING_VALUE,Zero_Filling
2026-05-16T14:55:12.374944,141,female_pct_new,NaN,0,MISSING_VALUE,Zero_Filling
2026-05-16T14:55:12.374945,142,female_pct_new,NaN,0,MISSING_VALUE,Zero_Filling
2026-05-16T14:55:12.374946,143,female_pct_new,NaN,0,MISSING_VALUE,Zero_Filling
2026-05-16T14:55:12.374946,144,female_pct_new,NaN,0,MISSING_VALUE,Zero_Filling
2026-05-16T14:55:12.374947,145,female_pct_new,NaN,0,MISSING_VALUE,Zero_Filling
2026-05-16T14:55:12.374948,146,female_pct_new,NaN,0,MISSING_VALUE,Zero_Filling
2026-05-16T14:55:12.374948,147,female_pct_new,NaN,0,MISSING_VALUE,Zero_Filling
2026-05-16T14:55:12.374949,148,female_pct_new,NaN,0,MISSING_VALUE,Zero_Filling
2026-05-16T14:55:12.374950,149,female_pct_new,NaN,0,MISSING_VALUE,Zero_Filling
2026-05-16T14:55:12.374950,150,female_pct_new,NaN,0,MISSING_VALUE,Zero_Filling
2026-05-16T14:55:12.374951,151,female_pct_new,NaN,0,MISSING_VALUE,Zero_Filling
2026-05-16T14:55:12.374952,152,female_pct_new,NaN,0,MISSING_VALUE,Zero_Filling
2026-05-16T14:55:12.374952,153,female_pct_new,NaN,0,MISSING_VALUE,Zero_Filling
2026-05-16T14:55:12.374953,154,female_pct_new,NaN,0,MISSING_VALUE,Zero_Filling
2026-05-16T14:55:12.374953,155,female_pct_new,NaN,0,MISSING_VALUE,Zero_Filling
2026-05-16T14:55:12.374954,327,female_pct_new,NaN,0,MISSING_VALUE,Zero_Filling
2026-05-16T14:55:12.374955,483,female_pct_new,NaN,0,MISSING_VALUE,Zero_Filling
2026-05-16T14:55:12.374955,535,female_pct_new,NaN,0,MISSING_VALUE,Zero_Filling
2026-05-16T14:55:12.374956,652,female_pct_new,NaN,0,MISSING_VALUE,Zero_Filling
2026-05-16T14:55:12.375294,0,art_cov_pct,NaN,0,MISSING_VALUE,Zero_Filling
2026-05-16T14:55:12.375295,1,art_cov_pct,NaN,0,MISSING_VALUE,Zero_Filling
2026-05-16T14:55:12.375296,2,art_cov_pct,NaN,0,MISSING_VALUE,Zero_Filling
2026-05-16T14:55:12.375297,9,art_cov_pct,NaN,0,MISSING_VALUE,Zero_Filling
2026-05-16T14:55:12.375298,10,art_cov_pct,NaN,0,MISSING_VALUE,Zero_Filling
2026-05-16T14:55:12.375298,11,art_cov_pct,NaN,0,MISSING_VALUE,Zero_Filling
2026-05-16T14:55:12.375299,13,art_cov_pct,NaN,0,MISSING_VALUE,Zero_Filling
2026-05-16T14:55:12.375300,14,art_cov_pct,NaN,0,MISSING_VALUE,Zero_Filling
2026-05-16T14:55:12.375300,15,art_cov_pct,NaN,0,MISSING_VALUE,Zero_Filling
2026-05-16T14:55:12.375301,22,art_cov_pct,NaN,0,MISSING_VALUE,Zero_Filling
2026-05-16T14:55:12.375302,23,art_cov_pct,NaN,0,MISSING_VALUE,Zero_Filling
2026-05-16T14:55:12.375302,24,art_cov_pct,NaN,0,MISSING_VALUE,Zero_Filling
2026-05-16T14:55:12.375303,26,art_cov_pct,NaN,0,MISSING_VALUE,Zero_Filling
2026-05-16T14:55:12.375303,27,art_cov_pct,NaN,0,MISSING_VALUE,Zero_Filling
2026-05-16T14:55:12.375304,28,art_cov_pct,NaN,0,MISSING_VALUE,Zero_Filling
2026-05-16T14:55:12.375305,35,art_cov_pct,NaN,0,MISSING_VALUE,Zero_Filling
2026-05-16T14:55:12.375305,36,art_cov_pct,NaN,0,MISSING_VALUE,Zero_Filling
2026-05-16T14:55:12.375306,37,art_cov_pct,NaN,0,MISSING_VALUE,Zero_Filling
2026-05-16T14:55:12.375307,39,art_cov_pct,NaN,0,MISSING_VALUE,Zero_Filling
2026-05-16T14:55:12.375307,40,art_cov_pct,NaN,0,MISSING_VALUE,Zero_Filling
2026-05-16T14:55:12.375308,41,art_cov_pct,NaN,0,MISSING_VALUE,Zero_Filling
2026-05-16T14:55:12.375309,48,art_cov_pct,NaN,0,MISSING_VALUE,Zero_Filling
2026-05-16T14:55:12.375309,49,art_cov_pct,NaN,0,MISSING_VALUE,Zero_Filling
2026-05-16T14:55:12.375310,50,art_cov_pct,NaN,0,MISSING_VALUE,Zero_Filling
2026-05-16T14:55:12.375310,52,art_cov_pct,NaN,0,MISSING_VALUE,Zero_Filling
2026-05-16T14:55:12.375311,53,art_cov_pct,NaN,0,MISSING_VALUE,Zero_Filling
2026-05-16T14:55:12.375312,54,art_cov_pct,NaN,0,MISSING_VALUE,Zero_Filling
2026-05-16T14:55:12.375312,61,art_cov_pct,NaN,0,MISSING_VALUE,Zero_Filling
2026-05-16T14:55:12.375313,62,art_cov_pct,NaN,0,MISSING_VALUE,Zero_Filling
2026-05-16T14:55:12.375314,63,art_cov_pct,NaN,0,MISSING_VALUE,Zero_Filling
2026-05-16T14:55:12.375314,65,art_cov_pct,NaN,0,MISSING_VALUE,Zero_Filling
2026-05-16T14:55:12.375316,66,art_cov_pct,NaN,0,MISSING_VALUE,Zero_Filling
2026-05-16T14:55:12.375317,67,art_cov_pct,NaN,0,MISSING_VALUE,Zero_Filling
2026-05-16T14:55:12.375319,74,art_cov_pct,NaN,0,MISSING_VALUE,Zero_Filling
2026-05-16T14:55:12.375319,75,art_cov_pct,NaN,0,MISSING_VALUE,Zero_Filling
2026-05-16T14:55:12.375320,76,art_cov_pct,NaN,0,MISSING_VALUE,Zero_Filling
2026-05-16T14:55:12.375321,78,art_cov_pct,NaN,0,MISSING_VALUE,Zero_Filling
2026-05-16T14:55:12.375321,79,art_cov_pct,NaN,0,MISSING_VALUE,Zero_Filling
2026-05-16T14:55:12.375322,80,art_cov_pct,NaN,0,MISSING_VALUE,Zero_Filling
2026-05-16T14:55:12.375323,87,art_cov_pct,NaN,0,MISSING_VALUE,Zero_Filling
2026-05-16T14:55:12.375323,88,art_cov_pct,NaN,0,MISSING_VALUE,Zero_Filling
2026-05-16T14:55:12.375324,89,art_cov_pct,NaN,0,MISSING_VALUE,Zero_Filling
2026-05-16T14:55:12.375325,91,art_cov_pct,NaN,0,MISSING_VALUE,Zero_Filling
2026-05-16T14:55:12.375325,92,art_cov_pct,NaN,0,MISSING_VALUE,Zero_Filling
2026-05-16T14:55:12.375326,93,art_cov_pct,NaN,0,MISSING_VALUE,Zero_Filling
2026-05-16T14:55:12.375327,100,art_cov_pct,NaN,0,MISSING_VALUE,Zero_Filling
2026-05-16T14:55:12.375327,101,art_cov_pct,NaN,0,MISSING_VALUE,Zero_Filling
2026-05-16T14:55:12.375328,102,art_cov_pct,NaN,0,MISSING_VALUE,Zero_Filling
2026-05-16T14:55:12.375329,104,art_cov_pct,NaN,0,MISSING_VALUE,Zero_Filling
2026-05-16T14:55:12.375329,105,art_cov_pct,NaN,0,MISSING_VALUE,Zero_Filling
2026-05-16T14:55:12.375330,106,art_cov_pct,NaN,0,MISSING_VALUE,Zero_Filling
2026-05-16T14:55:12.375330,113,art_cov_pct,NaN,0,MISSING_VALUE,Zero_Filling
2026-05-16T14:55:12.375331,114,art_cov_pct,NaN,0,MISSING_VALUE,Zero_Filling
2026-05-16T14:55:12.375332,115,art_cov_pct,NaN,0,MISSING_VALUE,Zero_Filling
2026-05-16T14:55:12.375332,117,art_cov_pct,NaN,0,MISSING_VALUE,Zero_Filling
2026-05-16T14:55:12.375333,118,art_cov_pct,NaN,0,MISSING_VALUE,Zero_Filling
2026-05-16T14:55:12.375334,119,art_cov_pct,NaN,0,MISSING_VALUE,Zero_Filling
2026-05-16T14:55:12.375334,126,art_cov_pct,NaN,0,MISSING_VALUE,Zero_Filling
2026-05-16T14:55:12.375335,127,art_cov_pct,NaN,0,MISSING_VALUE,Zero_Filling
2026-05-16T14:55:12.375335,128,art_cov_pct,NaN,0,MISSING_VALUE,Zero_Filling
2026-05-16T14:55:12.375336,130,art_cov_pct,NaN,0,MISSING_VALUE,Zero_Filling
2026-05-16T14:55:12.375337,131,art_cov_pct,NaN,0,MISSING_VALUE,Zero_Filling
2026-05-16T14:55:12.375337,132,art_cov_pct,NaN,0,MISSING_VALUE,Zero_Filling
2026-05-16T14:55:12.375338,139,art_cov_pct,NaN,0,MISSING_VALUE,Zero_Filling
2026-05-16T14:55:12.375339,140,art_cov_pct,NaN,0,MISSING_VALUE,Zero_Filling
2026-05-16T14:55:12.375340,141,art_cov_pct,NaN,0,MISSING_VALUE,Zero_Filling
2026-05-16T14:55:12.375341,143,art_cov_pct,NaN,0,MISSING_VALUE,Zero_Filling
2026-05-16T14:55:12.375342,144,art_cov_pct,NaN,0,MISSING_VALUE,Zero_Filling
2026-05-16T14:55:12.375342,145,art_cov_pct,NaN,0,MISSING_VALUE,Zero_Filling
2026-05-16T14:55:12.375343,152,art_cov_pct,NaN,0,MISSING_VALUE,Zero_Filling
2026-05-16T14:55:12.375344,153,art_cov_pct,NaN,0,MISSING_VALUE,Zero_Filling
2026-05-16T14:55:12.375344,154,art_cov_pct,NaN,0,MISSING_VALUE,Zero_Filling
2026-05-16T14:55:12.375345,156,art_cov_pct,NaN,0,MISSING_VALUE,Zero_Filling
2026-05-16T14:55:12.375345,158,art_cov_pct,NaN,0,MISSING_VALUE,Zero_Filling
2026-05-16T14:55:12.375346,169,art_cov_pct,NaN,0,MISSING_VALUE,Zero_Filling
2026-05-16T14:55:12.375347,171,art_cov_pct,NaN,0,MISSING_VALUE,Zero_Filling
2026-05-16T14:55:12.375347,182,art_cov_pct,NaN,0,MISSING_VALUE,Zero_Filling
2026-05-16T14:55:12.375348,184,art_cov_pct,NaN,0,MISSING_VALUE,Zero_Filling
2026-05-16T14:55:12.375349,195,art_cov_pct,NaN,0,MISSING_VALUE,Zero_Filling
2026-05-16T14:55:12.375349,197,art_cov_pct,NaN,0,MISSING_VALUE,Zero_Filling
2026-05-16T14:55:12.375350,208,art_cov_pct,NaN,0,MISSING_VALUE,Zero_Filling
2026-05-16T14:55:12.375351,210,art_cov_pct,NaN,0,MISSING_VALUE,Zero_Filling
2026-05-16T14:55:12.375351,221,art_cov_pct,NaN,0,MISSING_VALUE,Zero_Filling
2026-05-16T14:55:12.375352,223,art_cov_pct,NaN,0,MISSING_VALUE,Zero_Filling
2026-05-16T14:55:12.375353,234,art_cov_pct,NaN,0,MISSING_VALUE,Zero_Filling
2026-05-16T14:55:12.375353,236,art_cov_pct,NaN,0,MISSING_VALUE,Zero_Filling
2026-05-16T14:55:12.375354,247,art_cov_pct,NaN,0,MISSING_VALUE,Zero_Filling
2026-05-16T14:55:12.375354,249,art_cov_pct,NaN,0,MISSING_VALUE,Zero_Filling
2026-05-16T14:55:12.375355,260,art_cov_pct,NaN,0,MISSING_VALUE,Zero_Filling
2026-05-16T14:55:12.375356,262,art_cov_pct,NaN,0,MISSING_VALUE,Zero_Filling
2026-05-16T14:55:12.375356,273,art_cov_pct,NaN,0,MISSING_VALUE,Zero_Filling
2026-05-16T14:55:12.375357,275,art_cov_pct,NaN,0,MISSING_VALUE,Zero_Filling
2026-05-16T14:55:12.375358,286,art_cov_pct,NaN,0,MISSING_VALUE,Zero_Filling
2026-05-16T14:55:12.375358,288,art_cov_pct,NaN,0,MISSING_VALUE,Zero_Filling
2026-05-16T14:55:12.375359,299,art_cov_pct,NaN,0,MISSING_VALUE,Zero_Filling
2026-05-16T14:55:12.375360,301,art_cov_pct,NaN,0,MISSING_VALUE,Zero_Filling
2026-05-16T14:55:12.375360,312,art_cov_pct,NaN,0,MISSING_VALUE,Zero_Filling
2026-05-16T14:55:12.375361,314,art_cov_pct,NaN,0,MISSING_VALUE,Zero_Filling
2026-05-16T14:55:12.375361,320,art_cov_pct,NaN,0,MISSING_VALUE,Zero_Filling
2026-05-16T14:55:12.375362,321,art_cov_pct,NaN,0,MISSING_VALUE,Zero_Filling
2026-05-16T14:55:12.375363,322,art_cov_pct,NaN,0,MISSING_VALUE,Zero_Filling
2026-05-16T14:55:12.375363,325,art_cov_pct,NaN,0,MISSING_VALUE,Zero_Filling
2026-05-16T14:55:12.375364,327,art_cov_pct,NaN,0,MISSING_VALUE,Zero_Filling
2026-05-16T14:55:12.375365,333,art_cov_pct,NaN,0,MISSING_VALUE,Zero_Filling
2026-05-16T14:55:12.375365,334,art_cov_pct,NaN,0,MISSING_VALUE,Zero_Filling
2026-05-16T14:55:12.375366,335,art_cov_pct,NaN,0,MISSING_VALUE,Zero_Filling
2026-05-16T14:55:12.375366,338,art_cov_pct,NaN,0,MISSING_VALUE,Zero_Filling
2026-05-16T14:55:12.375367,340,art_cov_pct,NaN,0,MISSING_VALUE,Zero_Filling
2026-05-16T14:55:12.375368,346,art_cov_pct,NaN,0,MISSING_VALUE,Zero_Filling
2026-05-16T14:55:12.375368,347,art_cov_pct,NaN,0,MISSING_VALUE,Zero_Filling
2026-05-16T14:55:12.375369,348,art_cov_pct,NaN,0,MISSING_VALUE,Zero_Filling
2026-05-16T14:55:12.375370,351,art_cov_pct,NaN,0,MISSING_VALUE,Zero_Filling
2026-05-16T14:55:12.375370,353,art_cov_pct,NaN,0,MISSING_VALUE,Zero_Filling
2026-05-16T14:55:12.375371,359,art_cov_pct,NaN,0,MISSING_VALUE,Zero_Filling
2026-05-16T14:55:12.375372,360,art_cov_pct,NaN,0,MISSING_VALUE,Zero_Filling
2026-05-16T14:55:12.375372,361,art_cov_pct,NaN,0,MISSING_VALUE,Zero_Filling
2026-05-16T14:55:12.375373,364,art_cov_pct,NaN,0,MISSING_VALUE,Zero_Filling
2026-05-16T14:55:12.375373,366,art_cov_pct,NaN,0,MISSING_VALUE,Zero_Filling
2026-05-16T14:55:12.375375,372,art_cov_pct,NaN,0,MISSING_VALUE,Zero_Filling
2026-05-16T14:55:12.375376,373,art_cov_pct,NaN,0,MISSING_VALUE,Zero_Filling
2026-05-16T14:55:12.375376,374,art_cov_pct,NaN,0,MISSING_VALUE,Zero_Filling
2026-05-16T14:55:12.375377,377,art_cov_pct,NaN,0,MISSING_VALUE,Zero_Filling
2026-05-16T14:55:12.375378,379,art_cov_pct,NaN,0,MISSING_VALUE,Zero_Filling
2026-05-16T14:55:12.375378,385,art_cov_pct,NaN,0,MISSING_VALUE,Zero_Filling
2026-05-16T14:55:12.375379,386,art_cov_pct,NaN,0,MISSING_VALUE,Zero_Filling
2026-05-16T14:55:12.375380,387,art_cov_pct,NaN,0,MISSING_VALUE,Zero_Filling
2026-05-16T14:55:12.375380,390,art_cov_pct,NaN,0,MISSING_VALUE,Zero_Filling
2026-05-16T14:55:12.375381,392,art_cov_pct,NaN,0,MISSING_VALUE,Zero_Filling
2026-05-16T14:55:12.375382,398,art_cov_pct,NaN,0,MISSING_VALUE,Zero_Filling
2026-05-16T14:55:12.375382,399,art_cov_pct,NaN,0,MISSING_VALUE,Zero_Filling
2026-05-16T14:55:12.375383,400,art_cov_pct,NaN,0,MISSING_VALUE,Zero_Filling
2026-05-16T14:55:12.375384,403,art_cov_pct,NaN,0,MISSING_VALUE,Zero_Filling
2026-05-16T14:55:12.375384,405,art_cov_pct,NaN,0,MISSING_VALUE,Zero_Filling
2026-05-16T14:55:12.375385,411,art_cov_pct,NaN,0,MISSING_VALUE,Zero_Filling
2026-05-16T14:55:12.375386,412,art_cov_pct,NaN,0,MISSING_VALUE,Zero_Filling
2026-05-16T14:55:12.375386,413,art_cov_pct,NaN,0,MISSING_VALUE,Zero_Filling
2026-05-16T14:55:12.375387,416,art_cov_pct,NaN,0,MISSING_VALUE,Zero_Filling
2026-05-16T14:55:12.375387,418,art_cov_pct,NaN,0,MISSING_VALUE,Zero_Filling
2026-05-16T14:55:12.375388,424,art_cov_pct,NaN,0,MISSING_VALUE,Zero_Filling
2026-05-16T14:55:12.375389,425,art_cov_pct,NaN,0,MISSING_VALUE,Zero_Filling
2026-05-16T14:55:12.375389,426,art_cov_pct,NaN,0,MISSING_VALUE,Zero_Filling
2026-05-16T14:55:12.375390,429,art_cov_pct,NaN,0,MISSING_VALUE,Zero_Filling
2026-05-16T14:55:12.375391,431,art_cov_pct,NaN,0,MISSING_VALUE,Zero_Filling
2026-05-16T14:55:12.375391,437,art_cov_pct,NaN,0,MISSING_VALUE,Zero_Filling
2026-05-16T14:55:12.375392,438,art_cov_pct,NaN,0,MISSING_VALUE,Zero_Filling
2026-05-16T14:55:12.375392,439,art_cov_pct,NaN,0,MISSING_VALUE,Zero_Filling
2026-05-16T14:55:12.375393,442,art_cov_pct,NaN,0,MISSING_VALUE,Zero_Filling
2026-05-16T14:55:12.375394,444,art_cov_pct,NaN,0,MISSING_VALUE,Zero_Filling
2026-05-16T14:55:12.375394,450,art_cov_pct,NaN,0,MISSING_VALUE,Zero_Filling
2026-05-16T14:55:12.375395,451,art_cov_pct,NaN,0,MISSING_VALUE,Zero_Filling
2026-05-16T14:55:12.375396,452,art_cov_pct,NaN,0,MISSING_VALUE,Zero_Filling
2026-05-16T14:55:12.375396,455,art_cov_pct,NaN,0,MISSING_VALUE,Zero_Filling
2026-05-16T14:55:12.375397,457,art_cov_pct,NaN,0,MISSING_VALUE,Zero_Filling
2026-05-16T14:55:12.375398,463,art_cov_pct,NaN,0,MISSING_VALUE,Zero_Filling
2026-05-16T14:55:12.375398,464,art_cov_pct,NaN,0,MISSING_VALUE,Zero_Filling
2026-05-16T14:55:12.375399,465,art_cov_pct,NaN,0,MISSING_VALUE,Zero_Filling
2026-05-16T14:55:12.375400,468,art_cov_pct,NaN,0,MISSING_VALUE,Zero_Filling
2026-05-16T14:55:12.375400,470,art_cov_pct,NaN,0,MISSING_VALUE,Zero_Filling
2026-05-16T14:55:12.375401,477,art_cov_pct,NaN,0,MISSING_VALUE,Zero_Filling
2026-05-16T14:55:12.375401,481,art_cov_pct,NaN,0,MISSING_VALUE,Zero_Filling
2026-05-16T14:55:12.375402,483,art_cov_pct,NaN,0,MISSING_VALUE,Zero_Filling
2026-05-16T14:55:12.375403,490,art_cov_pct,NaN,0,MISSING_VALUE,Zero_Filling
2026-05-16T14:55:12.375403,494,art_cov_pct,NaN,0,MISSING_VALUE,Zero_Filling
2026-05-16T14:55:12.375404,496,art_cov_pct,NaN,0,MISSING_VALUE,Zero_Filling
2026-05-16T14:55:12.375405,503,art_cov_pct,NaN,0,MISSING_VALUE,Zero_Filling
2026-05-16T14:55:12.375405,507,art_cov_pct,NaN,0,MISSING_VALUE,Zero_Filling
2026-05-16T14:55:12.375406,509,art_cov_pct,NaN,0,MISSING_VALUE,Zero_Filling
2026-05-16T14:55:12.375407,516,art_cov_pct,NaN,0,MISSING_VALUE,Zero_Filling
2026-05-16T14:55:12.375407,520,art_cov_pct,NaN,0,MISSING_VALUE,Zero_Filling
2026-05-16T14:55:12.375408,522,art_cov_pct,NaN,0,MISSING_VALUE,Zero_Filling
2026-05-16T14:55:12.375408,529,art_cov_pct,NaN,0,MISSING_VALUE,Zero_Filling
2026-05-16T14:55:12.375410,533,art_cov_pct,NaN,0,MISSING_VALUE,Zero_Filling
2026-05-16T14:55:12.375411,535,art_cov_pct,NaN,0,MISSING_VALUE,Zero_Filling
2026-05-16T14:55:12.375411,542,art_cov_pct,NaN,0,MISSING_VALUE,Zero_Filling
2026-05-16T14:55:12.375412,546,art_cov_pct,NaN,0,MISSING_VALUE,Zero_Filling
2026-05-16T14:55:12.375413,548,art_cov_pct,NaN,0,MISSING_VALUE,Zero_Filling
2026-05-16T14:55:12.375413,555,art_cov_pct,NaN,0,MISSING_VALUE,Zero_Filling
2026-05-16T14:55:12.375414,559,art_cov_pct,NaN,0,MISSING_VALUE,Zero_Filling
2026-05-16T14:55:12.375415,561,art_cov_pct,NaN,0,MISSING_VALUE,Zero_Filling
2026-05-16T14:55:12.375415,568,art_cov_pct,NaN,0,MISSING_VALUE,Zero_Filling
2026-05-16T14:55:12.375416,572,art_cov_pct,NaN,0,MISSING_VALUE,Zero_Filling
2026-05-16T14:55:12.375417,574,art_cov_pct,NaN,0,MISSING_VALUE,Zero_Filling
2026-05-16T14:55:12.375417,581,art_cov_pct,NaN,0,MISSING_VALUE,Zero_Filling
2026-05-16T14:55:12.375418,585,art_cov_pct,NaN,0,MISSING_VALUE,Zero_Filling
2026-05-16T14:55:12.375418,587,art_cov_pct,NaN,0,MISSING_VALUE,Zero_Filling
2026-05-16T14:55:12.375419,594,art_cov_pct,NaN,0,MISSING_VALUE,Zero_Filling
2026-05-16T14:55:12.375420,598,art_cov_pct,NaN,0,MISSING_VALUE,Zero_Filling
2026-05-16T14:55:12.375420,600,art_cov_pct,NaN,0,MISSING_VALUE,Zero_Filling
2026-05-16T14:55:12.375421,607,art_cov_pct,NaN,0,MISSING_VALUE,Zero_Filling
2026-05-16T14:55:12.375422,611,art_cov_pct,NaN,0,MISSING_VALUE,Zero_Filling
2026-05-16T14:55:12.375422,613,art_cov_pct,NaN,0,MISSING_VALUE,Zero_Filling
2026-05-16T14:55:12.375423,620,art_cov_pct,NaN,0,MISSING_VALUE,Zero_Filling
2026-05-16T14:55:12.375424,624,art_cov_pct,NaN,0,MISSING_VALUE,Zero_Filling
2026-05-16T14:55:12.375424,625,art_cov_pct,NaN,0,MISSING_VALUE,Zero_Filling
2026-05-16T14:55:12.375425,632,art_cov_pct,NaN,0,MISSING_VALUE,Zero_Filling
2026-05-16T14:55:12.375426,633,art_cov_pct,NaN,0,MISSING_VALUE,Zero_Filling
2026-05-16T14:55:12.375426,634,art_cov_pct,NaN,0,MISSING_VALUE,Zero_Filling
2026-05-16T14:55:12.375427,637,art_cov_pct,NaN,0,MISSING_VALUE,Zero_Filling
2026-05-16T14:55:12.375427,638,art_cov_pct,NaN,0,MISSING_VALUE,Zero_Filling
2026-05-16T14:55:12.375428,645,art_cov_pct,NaN,0,MISSING_VALUE,Zero_Filling
2026-05-16T14:55:12.375429,646,art_cov_pct,NaN,0,MISSING_VALUE,Zero_Filling
2026-05-16T14:55:12.375429,647,art_cov_pct,NaN,0,MISSING_VALUE,Zero_Filling
2026-05-16T14:55:12.375430,650,art_cov_pct,NaN,0,MISSING_VALUE,Zero_Filling
2026-05-16T14:55:12.375431,651,art_cov_pct,NaN,0,MISSING_VALUE,Zero_Filling
2026-05-16T14:55:12.375431,658,art_cov_pct,NaN,0,MISSING_VALUE,Zero_Filling
2026-05-16T14:55:12.375432,659,art_cov_pct,NaN,0,MISSING_VALUE,Zero_Filling
2026-05-16T14:55:12.375432,660,art_cov_pct,NaN,0,MISSING_VALUE,Zero_Filling
2026-05-16T14:55:12.375433,663,art_cov_pct,NaN,0,MISSING_VALUE,Zero_Filling
2026-05-16T14:55:12.375434,664,art_cov_pct,NaN,0,MISSING_VALUE,Zero_Filling
2026-05-16T14:55:12.375434,671,art_cov_pct,NaN,0,MISSING_VALUE,Zero_Filling
2026-05-16T14:55:12.375435,672,art_cov_pct,NaN,0,MISSING_VALUE,Zero_Filling
2026-05-16T14:55:12.375436,673,art_cov_pct,NaN,0,MISSING_VALUE,Zero_Filling
2026-05-16T14:55:12.375436,676,art_cov_pct,NaN,0,MISSING_VALUE,Zero_Filling
2026-05-16T14:55:12.375437,677,art_cov_pct,NaN,0,MISSING_VALUE,Zero_Filling
2026-05-16T14:55:12.375438,684,art_cov_pct,NaN,0,MISSING_VALUE,Zero_Filling
2026-05-16T14:55:12.375438,685,art_cov_pct,NaN,0,MISSING_VALUE,Zero_Filling
2026-05-16T14:55:12.375439,686,art_cov_pct,NaN,0,MISSING_VALUE,Zero_Filling
2026-05-16T14:55:12.375439,689,art_cov_pct,NaN,0,MISSING_VALUE,Zero_Filling
2026-05-16T14:55:12.375440,690,art_cov_pct,NaN,0,MISSING_VALUE,Zero_Filling
2026-05-16T14:55:12.375441,697,art_cov_pct,NaN,0,MISSING_VALUE,Zero_Filling
2026-05-16T14:55:12.375441,698,art_cov_pct,NaN,0,MISSING_VALUE,Zero_Filling
2026-05-16T14:55:12.375442,699,art_cov_pct,NaN,0,MISSING_VALUE,Zero_Filling
2026-05-16T14:55:12.375443,702,art_cov_pct,NaN,0,MISSING_VALUE,Zero_Filling
2026-05-16T14:55:12.375443,703,art_cov_pct,NaN,0,MISSING_VALUE,Zero_Filling
2026-05-16T14:55:12.375445,710,art_cov_pct,NaN,0,MISSING_VALUE,Zero_Filling
2026-05-16T14:55:12.375446,711,art_cov_pct,NaN,0,MISSING_VALUE,Zero_Filling
2026-05-16T14:55:12.375446,712,art_cov_pct,NaN,0,MISSING_VALUE,Zero_Filling
2026-05-16T14:55:12.375447,715,art_cov_pct,NaN,0,MISSING_VALUE,Zero_Filling
2026-05-16T14:55:12.375448,716,art_cov_pct,NaN,0,MISSING_VALUE,Zero_Filling
2026-05-16T14:55:12.375448,723,art_cov_pct,NaN,0,MISSING_VALUE,Zero_Filling
2026-05-16T14:55:12.375449,724,art_cov_pct,NaN,0,MISSING_VALUE,Zero_Filling
2026-05-16T14:55:12.375450,725,art_cov_pct,NaN,0,MISSING_VALUE,Zero_Filling
2026-05-16T14:55:12.375450,728,art_cov_pct,NaN,0,MISSING_VALUE,Zero_Filling
2026-05-16T14:55:12.375451,729,art_cov_pct,NaN,0,MISSING_VALUE,Zero_Filling
2026-05-16T14:55:12.375452,736,art_cov_pct,NaN,0,MISSING_VALUE,Zero_Filling
2026-05-16T14:55:12.375453,737,art_cov_pct,NaN,0,MISSING_VALUE,Zero_Filling
2026-05-16T14:55:12.375454,738,art_cov_pct,NaN,0,MISSING_VALUE,Zero_Filling
2026-05-16T14:55:12.375454,741,art_cov_pct,NaN,0,MISSING_VALUE,Zero_Filling
2026-05-16T14:55:12.375455,742,art_cov_pct,NaN,0,MISSING_VALUE,Zero_Filling
2026-05-16T14:55:12.375456,749,art_cov_pct,NaN,0,MISSING_VALUE,Zero_Filling
2026-05-16T14:55:12.375456,750,art_cov_pct,NaN,0,MISSING_VALUE,Zero_Filling
2026-05-16T14:55:12.375457,751,art_cov_pct,NaN,0,MISSING_VALUE,Zero_Filling
2026-05-16T14:55:12.375458,754,art_cov_pct,NaN,0,MISSING_VALUE,Zero_Filling
2026-05-16T14:55:12.375458,755,art_cov_pct,NaN,0,MISSING_VALUE,Zero_Filling
2026-05-16T14:55:12.375459,762,art_cov_pct,NaN,0,MISSING_VALUE,Zero_Filling
2026-05-16T14:55:12.375459,763,art_cov_pct,NaN,0,MISSING_VALUE,Zero_Filling
2026-05-16T14:55:12.375460,764,art_cov_pct,NaN,0,MISSING_VALUE,Zero_Filling
2026-05-16T14:55:12.375461,767,art_cov_pct,NaN,0,MISSING_VALUE,Zero_Filling
2026-05-16T14:55:12.375461,768,art_cov_pct,NaN,0,MISSING_VALUE,Zero_Filling
2026-05-16T14:55:12.375462,775,art_cov_pct,NaN,0,MISSING_VALUE,Zero_Filling
2026-05-16T14:55:12.375463,776,art_cov_pct,NaN,0,MISSING_VALUE,Zero_Filling
2026-05-16T14:55:12.375463,777,art_cov_pct,NaN,0,MISSING_VALUE,Zero_Filling
2026-05-16T14:55:12.375669,ALL,chron_order,int64,int64,TYPE_CONVERSION,Int64_Enforcement
2026-05-16T14:55:12.375745,ALL,bs_year,int64,int64,TYPE_CONVERSION,Int64_Enforcement
2026-05-16T14:55:12.375819,ALL,ad_year,int64,int64,TYPE_CONVERSION,Int64_Enforcement
2026-05-16T14:55:12.375890,ALL,code,int64,int64,TYPE_CONVERSION,Int64_Enforcement
2026-05-16T14:55:12.375959,ALL,district_pop_mid_year_cbs,int64,int64,TYPE_CONVERSION,Int64_Enforcement
2026-05-16T14:55:12.376200,ALL,new_cases_total,float64,int64,TYPE_CONVERSION,Int64_Enforcement
2026-05-16T14:55:12.376262,ALL,new_cases_female,float64,int64,TYPE_CONVERSION,Int64_Enforcement
2026-05-16T14:55:12.376323,ALL,new_cases_male,float64,int64,TYPE_CONVERSION,Int64_Enforcement
2026-05-16T14:55:12.376383,ALL,relapse_total,float64,int64,TYPE_CONVERSION,Int64_Enforcement
2026-05-16T14:55:12.376442,ALL,relapse_female,float64,int64,TYPE_CONVERSION,Int64_Enforcement
2026-05-16T14:55:12.376500,ALL,relapse_male,float64,int64,TYPE_CONVERSION,Int64_Enforcement
2026-05-16T14:55:12.376553,ALL,total_tb_m+f,float64,int64,TYPE_CONVERSION,Int64_Enforcement
2026-05-16T14:55:12.376608,ALL,total_tb_female,float64,int64,TYPE_CONVERSION,Int64_Enforcement
2026-05-16T14:55:12.376670,ALL,total_tb_male,float64,int64,TYPE_CONVERSION,Int64_Enforcement
2026-05-16T14:55:12.376729,ALL,m_to_f_ratio,float64,int64,TYPE_CONVERSION,Int64_Enforcement
2026-05-16T14:55:12.376787,ALL,male_pct_new,float64,int64,TYPE_CONVERSION,Int64_Enforcement
2026-05-16T14:55:12.376845,ALL,female_pct_new,float64,int64,TYPE_CONVERSION,Int64_Enforcement
2026-05-16T14:55:12.376915,ALL,pbc_reg,int64,int64,TYPE_CONVERSION,Int64_Enforcement
2026-05-16T14:55:12.376985,ALL,cured,int64,int64,TYPE_CONVERSION,Int64_Enforcement
2026-05-16T14:55:12.377053,ALL,failed,int64,int64,TYPE_CONVERSION,Int64_Enforcement
2026-05-16T14:55:12.377122,ALL,died,int64,int64,TYPE_CONVERSION,Int64_Enforcement
2026-05-16T14:55:12.377188,ALL,ltfu,int64,int64,TYPE_CONVERSION,Int64_Enforcement
2026-05-16T14:55:12.377244,ALL,not_eval,int64,int64,TYPE_CONVERSION,Int64_Enforcement
2026-05-16T14:55:12.377304,ALL,tb_hiv_pct,float64,int64,TYPE_CONVERSION,Int64_Enforcement
2026-05-16T14:55:12.377360,ALL,art_cov_pct,float64,int64,TYPE_CONVERSION,Int64_Enforcement
2026-05-16T14:55:12.377414,ALL,xpert_cov_pct,float64,int64,TYPE_CONVERSION,Int64_Enforcement
